tree
version=v4
num_class=1
num_tree_per_iteration=1
label_index=0
max_feature_idx=5
objective=regression
feature_names=asset_age_years last_maintenance_days_ago past_breakdown_count gross_million_tonnes condition_score urgency_level
feature_infos=[0.90000000000000002:25.899999999999999] [15:359] [0:6] [12:134.80000000000001] [1.3999999999999999:9.8000000000000007] [0:3]
tree_sizes=1428 1460 1447 1462 1449 1465 1455 1447 1483 1457 1486 1457 1470 1438 1516 1459 1508 1504 1460 1491 1435 1507 1492 1463 1493 1468 1521 1498 1510 1501 1523 1506 1504 1530 1511 1541 1520 1536 1502 1500 1563 1530 1536 1536 1537 1535 1522 1521 1517 1560 1555 1551 1559 1543 1559 1518 1570 1511 1538 1503 1511 1530 1504 1508 1537 1551 1467 1507 1539 1490 1496 1522 1516 1514 1560 1562 1566 1525 1506 1560 1497 1529 1521 1551 1534 1552 1484 1551 1547 1553 1562 1544 1555 1528 1549 1524 1548 1522 1578 1567

Tree=0
num_leaves=15
num_cat=0
split_feature=4 5 2 4 2 5 3 5 3 3 2 4 4 1
split_gain=133961 33231.8 2589.83 883.231 754.357 592.828 471.34 317.119 260.28 226.853 202.57 136.973 121.843 90.4288
threshold=6.2500000000000009 2.5000000000000004 1.5000000000000002 7.5500000000000007 4.5000000000000009 1.0000000180025095e-35 60.70000000000001 1.0000000180025095e-35 30.150000000000002 98.200000000000003 1.0000000180025095e-35 5.7500000000000009 4.8500000000000005 254.50000000000003
decision_type=2 2 2 2 2 2 2 2 2 2 2 2 2 2
left_child=1 2 -1 7 9 8 11 -2 -5 -3 -7 -4 -8 -6
right_child=3 4 6 5 13 10 12 -9 -10 -11 -12 -13 -14 -15
leaf_value=37.89736282430016 36.584052375810487 39.598616721034048 38.403425746885212 36.172805108244603 40.157516638636586 36.48485000176089 38.666451459475184 36.891266656915349 36.403712317347527 39.999474983414018 36.780516663193701 38.131516653299336 38.492766658133931 40.405230975576814
leaf_weight=26 28 5.0000000000000027 11.000000000000002 26 5.0000000000000027 21 23 11.999999999999998 23 11.999999999999998 8.0000000000000018 7.9999999999999991 18 13.999999999999998
leaf_count=26 28 5 11 26 5 21 23 12 23 12 8 8 18 14
internal_value=37.6863 38.8481 38.3142 36.4852 40.1235 36.3872 38.4948 36.6762 36.2812 39.8816 36.5664 38.2889 38.5902 40.34
internal_weight=240 122 86 118 36 78 60 40 49 17 29 19 41 19
internal_count=240 122 86 118 36 78 60 40 49 17 29 19 41 19
is_linear=0
shrinkage=1


Tree=1
num_leaves=15
num_cat=0
split_feature=4 5 2 4 2 5 3 5 3 3 2 4 4 1
split_gain=120900 29991.7 2337.32 797.116 680.807 535.027 425.384 286.2 234.902 204.735 182.82 123.619 109.963 81.612
threshold=6.2500000000000009 2.5000000000000004 1.5000000000000002 7.5500000000000007 4.5000000000000009 1.0000000180025095e-35 60.70000000000001 1.0000000180025095e-35 30.150000000000002 98.200000000000003 1.0000000180025095e-35 5.7500000000000009 4.8500000000000005 254.50000000000003
decision_type=2 2 2 2 2 2 2 2 2 2 2 2 2 2
left_child=1 2 -1 7 9 8 11 -2 -5 -3 -7 -4 -8 -6
right_child=3 4 6 5 13 10 12 -9 -10 -11 -12 -13 -14 -15
leaf_value=0.20047803475306583 -1.0471669145992824 1.8166691589355457 0.6812377973036331 -1.437851799451388 2.3476241302490219 -1.1414091791425434 0.93111216918281903 -0.75531332492828374 -1.2184899827708371 2.1974846204121907 -0.86052585244178736 0.42292418330907822 0.76611165735456677 2.5829527173723497
leaf_weight=26 28 5.0000000000000027 11.000000000000002 26 5.0000000000000027 21 23 11.999999999999998 23 11.999999999999998 8.0000000000000018 7.9999999999999991 18 13.999999999999998
leaf_count=26 28 5 11 26 5 21 23 12 23 12 8 8 18 14
internal_value=-7.00355e-09 1.10367 0.596454 -1.14108 2.31535 -1.23414 0.768043 -0.959611 -1.33489 2.08548 -1.06392 0.572474 0.858673 2.52102
internal_weight=240 122 86 118 36 78 60 40 49 17 29 19 41 19
internal_count=240 122 86 118 36 78 60 40 49 17 29 19 41 19
is_linear=0
shrinkage=0.05


Tree=2
num_leaves=15
num_cat=0
split_feature=4 5 2 4 2 5 3 5 3 3 2 4 4 2
split_gain=109112 27067.5 2109.43 719.397 614.429 482.862 383.91 258.295 211.999 184.773 164.995 111.566 99.2418 73.8016
threshold=6.2500000000000009 2.5000000000000004 1.5000000000000002 7.5500000000000007 4.5000000000000009 1.0000000180025095e-35 60.70000000000001 1.0000000180025095e-35 30.150000000000002 98.200000000000003 1.0000000180025095e-35 5.7500000000000009 4.8500000000000005 2.5000000000000004
decision_type=2 2 2 2 2 2 2 2 2 2 2 2 2 2
left_child=1 2 -1 7 9 8 11 -2 -5 -3 -7 -4 -8 -14
right_child=3 4 6 5 -6 10 12 -9 -10 -11 -12 -13 13 -15
leaf_value=0.19045412835593409 -0.99480857167925163 1.7258357048034658 0.64717592759565856 -1.3659592078282285 2.3949729919433596 -1.084338714962914 0.88455662934676471 -0.71754767894744875 -1.1575654610343602 2.0876102765401203 -0.8174995303153989 0.40177797228097917 0.56455606460571273 0.79059451910165635
leaf_weight=26 28 5.0000000000000027 11.000000000000002 26 19 21 23 11.999999999999998 23 11.999999999999998 8.0000000000000018 7.9999999999999991 5.0000000000000009 13
leaf_count=26 28 5 11 26 19 21 23 12 23 12 8 8 5 13
internal_value=5.68107e-10 1.04849 0.566631 -1.08403 2.19958 -1.17244 0.729641 -0.91163 -1.26814 1.98121 -1.01073 0.54385 0.815739 0.727806
internal_weight=240 122 86 118 36 78 60 40 49 17 29 19 41 18
internal_count=240 122 86 118 36 78 60 40 49 17 29 19 41 18
is_linear=0
shrinkage=0.05


Tree=3
num_leaves=15
num_cat=0
split_feature=4 5 2 4 2 5 3 5 3 3 2 4 4 1
split_gain=98474 24428.4 1903.76 649.256 554.522 435.783 346.478 233.111 191.329 166.758 148.908 100.688 89.5657 73.6548
threshold=6.2500000000000009 2.5000000000000004 1.5000000000000002 7.5500000000000007 4.5000000000000009 1.0000000180025095e-35 60.70000000000001 1.0000000180025095e-35 30.150000000000002 98.200000000000003 1.0000000180025095e-35 5.7500000000000009 4.8500000000000005 254.50000000000003
decision_type=2 2 2 2 2 2 2 2 2 2 2 2 2 2
left_child=1 2 -1 7 9 8 11 -2 -5 -3 -7 -4 -8 -6
right_child=3 4 6 5 13 10 12 -9 -10 -11 -12 -13 -14 -15
leaf_value=0.18093142540982138 -0.94506811755044129 1.6395439910888663 0.61481713164936391 -1.297661249454205 2.1104943466186508 -1.0301217760358539 0.84032875558604359 -0.68167028427124032 -1.0996871948242188 1.9832298596700033 -0.7766245603561398 0.38168907165527344 0.69141577084859218 2.3340565000261582
leaf_weight=26 28 5.0000000000000027 11.000000000000002 26 5.0000000000000027 21 23 11.999999999999998 23 11.999999999999998 8.0000000000000018 7.9999999999999991 18 13.999999999999998
leaf_count=26 28 5 11 26 5 21 23 12 23 12 8 8 18 14
internal_value=7.88209e-09 0.996062 0.5383 -1.02983 2.0896 -1.11381 0.693159 -0.866049 -1.20473 1.88215 -0.960192 0.516658 0.774952 2.27522
internal_weight=240 122 86 118 36 78 60 40 49 17 29 19 41 19
internal_count=240 122 86 118 36 78 60 40 49 17 29 19 41 19
is_linear=0
shrinkage=0.05


Tree=4
num_leaves=15
num_cat=0
split_feature=4 5 2 4 2 5 3 5 3 3 4 1 2 4
split_gain=88872.7 22046.6 1718.14 599.938 500.456 427.408 312.697 284.449 150.499 119.426 90.871 88.6946 87.534 97.0359
threshold=6.2500000000000009 2.5000000000000004 1.5000000000000002 8.0500000000000025 4.5000000000000009 1.0000000180025095e-35 60.70000000000001 1.0000000180025095e-35 98.200000000000003 30.150000000000002 5.7500000000000009 51.500000000000007 2.5000000000000004 4.4500000000000011
decision_type=2 2 2 2 2 2 2 2 2 2 2 2 2 2
left_child=1 2 -1 5 8 11 10 9 -3 -5 -4 -2 13 -8
right_child=3 4 6 7 -6 -7 12 -9 -10 -11 -12 -13 -14 -15
leaf_value=0.17188485092841663 -1.019004031590053 1.5575667190551747 0.58407625718550227 -1.2634350575898825 2.161463095012464 -0.64253287911415102 0.80177757263183591 -0.95775167655944837 1.8840683301289876 -1.0810161141788259 0.36260461807250977 -0.87187926530838011 0.78598520074571887 0.52099001705646519
leaf_weight=26 21 5.0000000000000027 11.000000000000002 19 19 15.999999999999998 4.9999999999999991 25 11.999999999999998 17 7.9999999999999991 20 28 7.9999999999999991
leaf_count=26 21 5 11 19 19 16 5 25 12 17 8 20 28 8
internal_value=-4.34617e-10 0.946258 0.511385 -0.978335 1.98512 -0.861705 0.658501 -1.08732 1.78804 -1.17729 0.490825 -0.947236 0.736205 0.628985
internal_weight=240 122 86 118 36 57 60 61 17 36 19 41 41 13
internal_count=240 122 86 118 36 57 60 61 17 36 19 41 41 13
is_linear=0
shrinkage=0.05


Tree=5
num_leaves=15
num_cat=0
split_feature=4 5 2 4 2 5 3 5 3 3 4 4 4 2
split_gain=80207.6 19897.1 1550.62 541.444 451.661 385.735 282.209 256.715 135.825 107.782 85.0487 82.0111 81.1815 98.4708
threshold=6.2500000000000009 2.5000000000000004 1.5000000000000002 8.0500000000000025 4.5000000000000009 1.0000000180025095e-35 60.70000000000001 1.0000000180025095e-35 98.200000000000003 30.150000000000002 7.5500000000000007 5.7500000000000009 4.3500000000000005 2.5000000000000004
decision_type=2 2 2 2 2 2 2 2 2 2 2 2 2 2
left_child=1 2 -1 5 8 10 11 9 -3 -5 -2 -4 -8 -14
right_child=3 4 6 7 -6 -7 12 -9 -10 -11 -12 -13 13 -15
leaf_value=0.16329060586599203 -0.8508053473063879 1.4796883964538565 0.5548724607987835 -1.2002633144980983 2.0533899106477436 -0.61040621399879458 0.83206066555447045 -0.90986407470703135 1.7898649454116822 -1.0269653348361745 -1.0055604714613695 0.34447437822818761 0.52186809115939681 0.71694845945938779
leaf_weight=26 28 5.0000000000000027 11.000000000000002 19 19 15.999999999999998 8.9999999999999982 25 11.999999999999998 17 12.999999999999998 7.9999999999999991 8.9999999999999982 23
leaf_count=26 28 5 11 19 19 16 9 25 12 17 13 8 9 23
internal_value=1.73847e-10 0.898945 0.485815 -0.929418 1.88587 -0.81862 0.625576 -1.03295 1.69864 -1.11843 -0.899874 0.466284 0.699394 0.662082
internal_weight=240 122 86 118 36 57 60 61 17 36 41 19 41 32
internal_count=240 122 86 118 36 57 60 61 17 36 41 19 41 32
is_linear=0
shrinkage=0.05


Tree=6
num_leaves=15
num_cat=0
split_feature=4 5 2 4 2 5 3 5 3 3 1 0 4 3
split_gain=72387.4 17957.1 1399.44 488.653 407.625 348.126 254.693 231.685 122.582 97.2734 78.8904 75.8007 74.7917 69.4547
threshold=6.2500000000000009 2.5000000000000004 1.5000000000000002 8.0500000000000025 4.5000000000000009 1.0000000180025095e-35 60.70000000000001 1.0000000180025095e-35 98.200000000000003 30.150000000000002 51.500000000000007 11.950000000000001 4.8500000000000005 30.150000000000002
decision_type=2 2 2 2 2 2 2 2 2 2 2 2 2 2
left_child=1 2 -1 5 8 10 11 9 -3 -5 -2 -4 -8 -9
right_child=3 4 6 7 -6 -7 12 13 -10 -11 -12 -13 -14 -15
leaf_value=0.15512608014620269 -0.92256582805088583 1.4057040023803702 0.36669354240099583 -1.1402501256842361 1.9507203804819211 -0.57988591194152839 0.72416639120682424 -0.9444408783545859 1.7003716150919599 -0.97561704411226169 -0.78381057977676394 0.57372857502528596 0.58808825413386034 -0.77762835423151655
leaf_weight=26 21 5.0000000000000027 12.000000000000002 19 19 15.999999999999998 23 13.000000000000002 11.999999999999998 17 20 6.9999999999999991 18 11.999999999999998
leaf_count=26 21 5 12 19 19 16 23 13 12 17 20 7 18 12
internal_value=1.78814e-09 0.853998 0.461525 -0.882947 1.79157 -0.777689 0.594297 -0.981304 1.6137 -1.06251 -0.85488 0.44297 0.664425 -0.864371
internal_weight=240 122 86 118 36 57 60 61 17 36 41 19 41 25
internal_count=240 122 86 118 36 57 60 61 17 36 41 19 41 25
is_linear=0
shrinkage=0.05


Tree=7
num_leaves=15
num_cat=0
split_feature=4 5 2 2 4 2 2 3 4 3 1 4 1 1
split_gain=65329.6 16206.3 1262.99 448.955 401.171 367.881 235.839 153.908 151.359 110.63 100.137 95.996 78.9322 66.4735
threshold=6.2500000000000009 2.5000000000000004 1.5000000000000002 1.0000000180025095e-35 7.6500000000000012 4.5000000000000009 2.5000000000000004 29.550000000000001 4.1500000000000012 98.200000000000003 60.500000000000007 5.0000000000000009 90.500000000000014 254.50000000000003
decision_type=2 2 2 2 2 2 2 2 2 2 2 2 2 2
left_child=1 2 -1 4 10 9 8 12 -4 -3 -2 -8 -6 -7
right_child=3 5 6 -5 7 13 11 -9 -10 -11 -12 -13 -14 -15
leaf_value=0.14736977364294804 -0.82406771898269648 1.3354187774658195 0.66622129281361864 -0.5616252403992873 -1.0714941700299583 1.6966908645629872 0.72883506086137562 -0.86954129338264474 0.37815523273066476 1.6153530438741048 -0.66377732126336353 0.56315515181597542 -0.90429619789123539 1.9090750013078965
leaf_weight=26 20 5.0000000000000027 6.0000000000000027 12.999999999999998 24 5.0000000000000027 18 32 19 11.999999999999998 19 17 9.9999999999999982 13.999999999999998
leaf_count=26 20 5 6 13 24 5 18 32 19 12 19 17 10 14
internal_value=-1.38301e-09 0.811298 0.438448 -0.8388 -0.873117 1.702 0.564582 -0.948245 0.447291 1.53302 -0.745978 0.648362 -1.02232 1.85318
internal_weight=240 122 86 118 105 36 60 66 25 17 39 35 34 19
internal_count=240 122 86 118 105 36 60 66 25 17 39 35 34 19
is_linear=0
shrinkage=0.05


Tree=8
num_leaves=15
num_cat=0
split_feature=4 5 2 4 2 2 3 5 3 3 1 4 4 2
split_gain=58960 14626.2 1139.85 409.922 332.013 273.66 218.726 137.955 134.942 102.821 84.2655 68.1132 64.0703 76.7091
threshold=6.2500000000000009 2.5000000000000004 1.5000000000000002 7.5500000000000007 4.5000000000000009 1.0000000180025095e-35 60.70000000000001 1.0000000180025095e-35 29.550000000000001 115.85000000000001 90.500000000000014 5.7500000000000009 4.3500000000000005 2.5000000000000004
decision_type=2 2 2 2 2 2 2 2 2 2 2 2 2 2
left_child=1 2 -1 7 9 8 11 -2 10 -3 -5 -4 -8 -14
right_child=3 4 6 5 -6 -7 12 -9 -10 -11 -12 -13 13 -15
leaf_value=0.14000128411616272 -0.72751240219388702 1.3534874916076656 0.47685154351321118 -1.0098989963531495 1.7605251613416169 -0.58656253814697268 0.71919900046454543 -0.52488483389218643 -0.82174855723525553 1.6033413205827989 -0.84481204639781604 0.28510778993368152 0.44443856080373129 0.61661875144295075
leaf_weight=26 28 10.000000000000002 11.000000000000002 26 19 7.9999999999999991 8.9999999999999982 11.999999999999998 33 6.9999999999999991 10.999999999999998 7.9999999999999991 8.9999999999999982 23
leaf_count=26 28 10 11 26 19 8 9 12 33 7 11 8 9 23
internal_value=-5.51033e-10 0.770733 0.416526 -0.79686 1.6169 -0.863596 0.536353 -0.666724 -0.895257 1.45637 -0.960819 0.396117 0.601341 0.568193
internal_weight=240 122 86 118 36 78 60 40 70 17 37 19 41 32
internal_count=240 122 86 118 36 78 60 40 70 17 37 19 41 32
is_linear=0
shrinkage=0.05


Tree=9
num_leaves=15
num_cat=0
split_feature=4 5 2 4 2 5 2 5 4 3 4 0 3 3
split_gain=53211.4 13200.1 1028.72 380.384 299.641 267.564 198.13 175.761 125.005 94.4469 82.4697 76.5658 67.6081 62.6401
threshold=6.2500000000000009 2.5000000000000004 1.5000000000000002 8.0500000000000025 4.5000000000000009 1.0000000180025095e-35 2.5000000000000004 1.0000000180025095e-35 4.1500000000000012 98.200000000000003 5.0000000000000009 4.2000000000000002 21.250000000000004 20.150000000000002
decision_type=2 2 2 2 2 2 2 2 2 2 2 2 2 2
left_child=1 2 -1 5 9 12 8 11 -4 -3 -8 -5 -2 -9
right_child=3 4 6 7 -6 -7 10 13 -10 -11 -12 -13 -14 -15
leaf_value=0.13300122160177966 -0.83785460645502274 1.2009734916687005 0.60098938941955538 -1.0115128297072191 1.6724989138151471 -0.49073712080717091 0.66091411643558085 -0.88278919061024941 0.33920009920471594 1.4596236467361452 0.50734974776997288 -0.85970191748245905 -0.69294261296590176 -0.69747274925834257
leaf_weight=26 10.999999999999998 5.0000000000000027 6.0000000000000027 12.999999999999998 19 15.999999999999998 18 6.0000000000000027 19 11.999999999999998 17 23 30 19
leaf_count=26 11 5 6 13 19 16 18 6 19 12 17 23 30 19
internal_value=-3.70046e-09 0.732197 0.3957 -0.757017 1.53605 -0.664149 0.509536 -0.843796 0.40203 1.38355 0.586326 -0.914523 -0.731821 -0.741949
internal_weight=240 122 86 118 36 57 60 61 25 17 35 36 41 25
internal_count=240 122 86 118 36 57 60 61 25 17 35 36 41 25
is_linear=0
shrinkage=0.05


Tree=10
num_leaves=15
num_cat=0
split_feature=4 5 2 2 4 2 3 3 0 1 1 1 0 0
split_gain=48023.3 11913.1 928.416 347.303 300.875 270.427 187.935 116.784 89.4637 70.0406 64.6641 59.9923 59.6217 59.1042
threshold=6.2500000000000009 2.5000000000000004 1.5000000000000002 1.0000000180025095e-35 7.5500000000000007 4.5000000000000009 60.70000000000001 29.550000000000001 17.450000000000006 90.500000000000014 60.500000000000007 254.50000000000003 12.750000000000002 14.350000000000003
decision_type=2 2 2 2 2 2 2 2 2 2 2 2 2 2
left_child=1 2 12 4 10 8 -4 9 -3 -6 -2 -7 -1 -8
right_child=3 5 6 -5 7 11 13 -9 -10 -11 -12 -13 -14 -15
leaf_value=0.084880013950169086 -0.69569930765363908 1.1590660572051996 0.35406789026762309 -0.47538151007432206 -0.91493486991295458 1.4402051162719718 0.50794703324635826 -0.74081319895657627 1.3990852009166372 -0.76442579356106855 -0.55971930587992957 1.6419700554439001 0.26458830634752911 0.6434391281821511
leaf_weight=20.000000000000004 18 6.0000000000000027 19 12.999999999999998 26 5.0000000000000027 30 33 10.999999999999998 10.999999999999998 17 13.999999999999998 5.9999999999999991 10.999999999999998
leaf_count=20 18 6 19 13 26 5 30 33 11 11 17 14 6 11
internal_value=2.8871e-10 0.695587 0.375915 -0.719166 -0.749349 1.45925 0.484059 -0.809198 1.31437 -0.870189 -0.629652 1.58887 0.126351 0.544299
internal_weight=240 122 86 118 105 36 60 70 17 37 35 19 26 41
internal_count=240 122 86 118 105 36 60 70 17 37 35 19 26 41
is_linear=0
shrinkage=0.05


Tree=11
num_leaves=15
num_cat=0
split_feature=4 5 2 4 2 5 2 5 4 3 4 0 3 3
split_gain=43341 10751.6 837.896 321.321 244.06 224.939 172.958 144.798 109.766 84.5791 72.3072 67.9613 57.1976 55.2849
threshold=6.2500000000000009 2.5000000000000004 1.5000000000000002 8.0500000000000025 4.5000000000000009 1.0000000180025095e-35 2.5000000000000004 1.0000000180025095e-35 4.1500000000000012 115.85000000000001 5.0000000000000009 4.2000000000000002 21.250000000000004 20.150000000000002
decision_type=2 2 2 2 2 2 2 2 2 2 2 2 2 2
left_child=1 2 -1 5 9 12 8 11 -4 -3 -8 -5 -2 -9
right_child=3 4 6 7 -6 -7 10 13 -10 -11 -12 -13 -14 -15
leaf_value=0.12003360333350988 -0.75743047540838071 1.1553444147109981 0.5458490212758379 -0.91853893720186675 1.5094302930329977 -0.43885357528924945 0.60144412782457146 -0.80283714135487827 0.30053563980679765 1.3819532666887557 0.45765231076408841 -0.77551238640494979 -0.62414165496826168 -0.62874029686576449
leaf_weight=26 10.999999999999998 10.000000000000002 6.0000000000000027 12.999999999999998 19 15.999999999999998 18 6.0000000000000027 19 6.9999999999999991 17 23 30 19
leaf_count=26 11 10 6 13 19 16 18 6 19 7 17 23 30 19
internal_value=-2.111e-09 0.660808 0.357119 -0.683208 1.38629 -0.597853 0.459856 -0.762965 0.359411 1.24865 0.531602 -0.827161 -0.659902 -0.670524
internal_weight=240 122 86 118 36 57 60 61 25 17 35 36 41 25
internal_count=240 122 86 118 36 57 60 61 25 17 35 36 41 25
is_linear=0
shrinkage=0.05


Tree=12
num_leaves=15
num_cat=0
split_feature=4 5 2 2 4 2 3 3 1 1 0 0 0 1
split_gain=39115.3 9703.31 756.201 294.344 251.237 225.118 161.407 103.313 66.5138 63.1409 62.0189 55.6829 53.8086 53.0435
threshold=6.2500000000000009 2.5000000000000004 1.5000000000000002 1.0000000180025095e-35 7.6500000000000012 3.5000000000000004 60.70000000000001 29.550000000000001 60.500000000000007 243.50000000000003 1.7500000000000002 11.950000000000001 12.750000000000002 65.500000000000014
decision_type=2 2 2 2 2 2 2 2 2 2 2 2 2 2
left_child=1 2 12 4 8 -3 11 10 -2 -7 -6 -4 -1 -5
right_child=3 5 6 13 7 9 -8 -9 -10 -11 -12 -13 -14 -15
leaf_value=0.074634333145804685 -0.63986392021179206 1.1153623914718629 0.25102040458781016 -0.50446439087390915 -0.9428565502166748 1.2348289489746085 0.49268955893632849 -0.67180526778101923 -0.50922686677230034 1.4325337773277647 -0.76571650505065925 0.42846720559256418 0.24535721441109978 -0.29686419486999505
leaf_weight=20.000000000000004 20 9.9999999999999982 12.000000000000002 7.9999999999999982 5.9999999999999991 5.0000000000000027 41 32 19 21 28 6.9999999999999991 5.9999999999999991 5
leaf_count=20 20 10 12 8 6 5 41 32 19 21 28 7 6 5
internal_value=6.56194e-10 0.627767 0.339263 -0.649047 -0.676834 1.31697 0.436863 -0.736287 -0.57622 1.39451 -0.796977 0.316396 0.114032 -0.424618
internal_weight=240 122 86 118 105 36 60 66 39 26 34 19 26 13
internal_count=240 122 86 118 105 36 60 66 39 26 34 19 26 13
is_linear=0
shrinkage=0.05


Tree=13
num_leaves=15
num_cat=0
split_feature=4 5 2 4 5 2 2 5 4 0 0 4 4 3
split_gain=35301.5 8757.24 682.471 272.931 219.939 206.562 149.799 104.963 96.6332 79.93 78.0884 65.0118 63.2161 62.3406
threshold=6.2500000000000009 2.5000000000000004 1.5000000000000002 8.6500000000000004 1.0000000180025095e-35 4.5000000000000009 2.5000000000000004 1.0000000180025095e-35 4.1500000000000012 3.9500000000000006 17.450000000000006 7.5500000000000007 5.0000000000000009 35.20000000000001
decision_type=2 2 2 2 2 2 2 2 2 2 2 2 2 2
left_child=1 2 -1 4 11 10 8 9 -4 -5 -3 -2 -8 -6
right_child=3 5 6 7 13 -7 12 -9 -10 -11 -12 -13 -14 -15
leaf_value=0.10833032652735711 -0.56028470311846046 0.97940724690755143 0.49647119839986137 -0.92511316708155999 -0.48790272382589478 1.3644131610268042 0.54709422455893619 -0.62807119131088263 0.26630016188872491 -0.7259955671098498 1.2036486192183062 -0.67243056694666548 0.41264537222245168 -0.31050477623939515
leaf_weight=26 28 6.0000000000000027 6.0000000000000027 7.0000000000000027 13.000000000000002 19 18 20 19 18 10.999999999999998 24 17 7.9999999999999991
leaf_count=26 28 6 6 7 13 19 18 20 19 18 11 24 17 8
internal_value=-2.66358e-09 0.596379 0.3223 -0.616595 -0.556891 1.25112 0.41502 -0.713447 0.321541 -0.781748 1.1245 -0.612044 0.48179 -0.420323
internal_weight=240 122 86 118 73 36 60 45 25 25 17 52 35 21
internal_count=240 122 86 118 73 36 60 45 25 25 17 52 35 21
is_linear=0
shrinkage=0.05


Tree=14
num_leaves=15
num_cat=0
split_feature=4 5 2 2 4 2 3 3 4 1 1 4 0 1
split_gain=31859.6 7903.41 615.93 248.471 205.709 191.179 138.576 89.8881 56.9889 51.526 50.8385 50.371 49.3737 48.7314
threshold=6.2500000000000009 2.5000000000000004 1.5000000000000002 1.0000000180025095e-35 7.5500000000000007 3.5000000000000004 60.70000000000001 29.550000000000001 2.9500000000000006 91.500000000000014 213.00000000000003 5.7500000000000009 14.350000000000003 51.500000000000007
decision_type=2 2 2 2 2 2 2 2 2 2 2 2 2 2
left_child=1 2 10 4 13 -3 11 9 -7 -6 -1 -4 -8 -2
right_child=3 5 6 -5 7 8 12 -9 -10 -11 -12 -13 -14 -15
leaf_value=0.060476100082068052 -0.5890721981342022 1.0027754974365235 0.35207344401966434 -0.37956487765678992 -0.74774271079472143 1.3049565516020121 0.41277199228604639 -0.60078621705373125 1.1380682809012277 -0.61021707322862417 0.21810188298778876 0.18718295712023975 0.53660969517447732 -0.46696941635825423
leaf_weight=19.000000000000004 12.999999999999998 9.9999999999999982 11.000000000000002 12.999999999999998 28 19.000000000000004 30 33 6.9999999999999991 8.9999999999999982 6.9999999999999991 7.9999999999999991 10.999999999999998 22
leaf_count=19 13 10 11 13 28 19 30 33 7 9 7 8 11 22
internal_value=2.46257e-09 0.56656 0.306185 -0.585765 -0.611295 1.18857 0.394269 -0.660781 1.26003 -0.714291 0.102914 0.282646 0.445997 -0.512322
internal_weight=240 122 86 118 105 36 60 70 26 37 26 19 41 35
internal_count=240 122 86 118 105 36 60 70 26 37 26 19 41 35
is_linear=0
shrinkage=0.05


Tree=15
num_leaves=15
num_cat=0
split_feature=4 5 2 4 2 2 2 5 4 3 0 4 4 3
split_gain=28753.3 7132.83 555.877 232.562 188.046 172.614 129.866 87.421 84.5411 71.8928 71.25 67.2217 55.1457 51.1588
threshold=6.2500000000000009 2.5000000000000004 1.5000000000000002 8.6500000000000004 1.0000000180025095e-35 4.5000000000000009 2.5000000000000004 1.0000000180025095e-35 4.8500000000000005 115.85000000000001 3.9500000000000006 7.2500000000000009 5.0000000000000009 30.550000000000004
decision_type=2 2 2 2 2 2 2 2 2 2 2 2 2 2
left_child=1 2 -1 4 11 9 8 10 -4 -3 -5 -2 -8 -13
right_child=3 5 6 7 -6 -7 12 -9 -10 -11 -12 13 -14 -15
leaf_value=0.097768120332441935 -0.47858865184168664 0.92736425399780242 0.38321867783864327 -0.84356976236615822 -0.28736772139867151 1.2327014270581698 0.49771817127863571 -0.56796427607536326 0.19917887082466712 1.1362881796700615 -0.6555743614832561 -0.64529565274715428 0.37214439616483802 -0.52072873536278219
leaf_weight=26 31 10.000000000000002 12.000000000000002 7.0000000000000027 8.9999999999999982 19 18 20 12.999999999999998 6.9999999999999991 18 15.999999999999998 17 17
leaf_count=26 31 10 12 7 9 19 18 20 13 7 18 16 17 17
internal_value=1.26437e-09 0.538232 0.290876 -0.556477 -0.501365 1.12914 0.374556 -0.64588 0.287518 1.01339 -0.708213 -0.531459 0.436725 -0.581125
internal_weight=240 122 86 118 73 36 60 45 25 17 25 64 35 33
internal_count=240 122 86 118 73 36 60 45 25 17 25 64 35 33
is_linear=0
shrinkage=0.05


Tree=16
num_leaves=15
num_cat=0
split_feature=4 5 2 4 5 2 3 0 1 5 3 0 0 0
split_gain=25949.9 6437.38 501.679 213.352 188.964 161.177 118.125 61.6593 55.7653 51.9214 48.3502 47.1566 43.8742 43.1362
threshold=6.2500000000000009 2.5000000000000004 1.5000000000000002 8.8500000000000032 1.0000000180025095e-35 3.5000000000000004 60.70000000000001 1.2000000000000004 243.50000000000003 1.0000000180025095e-35 21.250000000000004 12.750000000000002 14.350000000000003 11.950000000000001
decision_type=2 2 2 2 2 2 2 2 2 2 2 2 2 2
left_child=1 2 11 4 7 -3 13 -2 -7 -5 -9 -1 -8 -4
right_child=3 5 6 9 -6 8 12 10 -10 -11 -12 -13 -14 -15
leaf_value=0.055997631587088106 -0.68598774274190266 0.90208999156951908 0.19522992620865498 -0.68382986068725593 -0.36949658679962161 0.98822513580322191 0.37226634462674463 -0.60937234271656393 1.1740243593851725 -0.56298741400241858 -0.49100606441497807 0.21581998318433762 0.4890035607598045 0.35141081128801621
leaf_weight=20.000000000000004 5.9999999999999991 9.9999999999999982 12.000000000000002 20 25 5.0000000000000027 30 10.999999999999998 21 15.999999999999998 40 5.9999999999999991 10.999999999999998 6.9999999999999991
leaf_count=20 6 10 12 20 25 5 30 11 21 16 40 6 11 7
internal_value=-5.57241e-09 0.51132 0.276332 -0.528653 -0.484106 1.07268 0.355828 -0.534373 1.13829 -0.630122 -0.516536 0.0928797 0.403586 0.25277
internal_weight=240 122 86 118 82 36 60 57 26 36 51 26 41 19
internal_count=240 122 86 118 82 36 60 57 26 36 51 26 41 19
is_linear=0
shrinkage=0.05


Tree=17
num_leaves=15
num_cat=0
split_feature=4 5 2 4 2 5 2 5 4 0 4 4 1 1
split_gain=23419.8 5809.73 452.765 192.983 146.087 138.517 112.186 82.8984 75.6198 68.1041 55.6634 48.5294 44.7152 44.5658
threshold=6.2500000000000009 2.5000000000000004 1.5000000000000002 8.0500000000000025 4.5000000000000009 1.0000000180025095e-35 2.5000000000000004 1.0000000180025095e-35 4.1500000000000012 17.450000000000006 9.2500000000000018 4.1500000000000012 254.50000000000003 213.00000000000003
decision_type=2 2 2 2 2 2 2 2 2 2 2 2 2 2
left_child=1 2 13 5 9 -2 8 10 -4 -3 -5 -8 -6 -1
right_child=3 4 6 7 12 -7 11 -9 -10 -11 -12 -13 -14 -15
leaf_value=0.048502250760793675 -0.48476394531203476 0.77706127166748007 0.41188595294952368 -0.56864095230897271 0.98596982002258238 -0.31130108162760739 0.54003557682037362 -0.49408540010452273 0.20827302524918007 0.98647687651894322 -0.70053030252456672 0.37178334633509325 1.1601606232779367 0.1960837402514049
leaf_weight=19.000000000000004 41 6.0000000000000027 6.0000000000000027 24 5.0000000000000027 15.999999999999998 4.9999999999999991 25 19 10.999999999999998 11.999999999999998 30 13.999999999999998 6.9999999999999991
leaf_count=19 41 6 6 24 5 16 5 25 19 11 12 30 14 7
internal_value=4.014e-09 0.485754 0.262515 -0.502221 1.01905 -0.436073 0.338036 -0.564031 0.25714 0.912565 -0.612604 0.395819 1.11432 0.0882357
internal_weight=240 122 86 118 36 57 60 61 25 17 36 35 19 26
internal_count=240 122 86 118 36 57 60 61 25 17 36 35 19 26
is_linear=0
shrinkage=0.05


Tree=18
num_leaves=15
num_cat=0
split_feature=4 5 2 2 4 3 4 2 3 4 2 0 1 1
split_gain=21136.3 5243.28 408.621 180.399 147.556 137.66 103.213 84.1203 73.2115 50.5849 50.1368 46.4065 45.2294 43.4668
threshold=6.2500000000000009 2.5000000000000004 1.5000000000000002 1.0000000180025095e-35 7.6500000000000012 83.250000000000014 5.7500000000000009 4.5000000000000009 29.550000000000001 4.1500000000000012 2.5000000000000004 1.7500000000000002 60.500000000000007 65.500000000000014
decision_type=2 2 2 2 2 2 2 2 2 2 2 2 2 2
left_child=1 2 -1 4 12 -3 9 -7 11 -4 -11 -6 -2 -5
right_child=3 5 6 13 8 7 -8 -9 -10 10 -12 -13 -14 -15
leaf_value=0.083823940243858558 -0.47423758625984197 0.72464029788970952 0.44662898887287494 -0.37369066327810296 -0.72170400619506836 0.91660091195787674 0.18272554142908617 1.0821065005134134 -0.49014436304569248 0.24033487041791282 0.3638905383073367 -0.5684737971850804 -0.36651146976571336 -0.18576302766799924
leaf_weight=26 20 4.9999999999999991 10.999999999999998 7.9999999999999982 5.9999999999999991 14.000000000000002 10.999999999999998 17 32 11.999999999999998 26 28 19 5
leaf_count=26 20 5 11 8 6 14 11 17 32 12 26 28 19 5
internal_value=-2.43696e-09 0.461467 0.249389 -0.477109 -0.498863 0.968095 0.321135 1.00736 -0.544426 0.352206 0.324873 -0.595514 -0.421756 -0.301411
internal_weight=240 122 86 118 105 36 60 31 66 49 38 34 39 13
internal_count=240 122 86 118 105 36 60 31 66 49 38 34 39 13
is_linear=0
shrinkage=0.05


Tree=19
num_leaves=15
num_cat=0
split_feature=4 5 5 4 5 2 3 4 3 3 4 3 0 1
split_gain=19075.5 4732.06 373.962 167.557 146.556 127.688 126.939 52.2958 48.6418 48.0876 44.4917 40.0028 36.9185 33.4959
threshold=6.2500000000000009 2.5000000000000004 1.5000000000000002 8.8500000000000032 1.0000000180025095e-35 3.5000000000000004 60.70000000000001 7.5500000000000007 56.300000000000004 24.200000000000006 1.9500000000000002 29.550000000000001 14.350000000000003 45.500000000000007
decision_type=2 2 2 2 2 2 2 2 2 2 2 2 2 2
left_child=1 2 -1 4 7 -3 8 -2 -4 -9 -7 13 -8 -5
right_child=3 5 6 11 -6 10 12 9 -10 -11 -12 -13 -14 -15
leaf_value=0.047515077246353038 -0.40930469163826538 0.76785224914550787 0.24470701060797034 -0.70239401817321734 -0.31284334707260131 1.0679826842414004 0.31973236004511518 -0.60942044258117656 0.081404690444469463 -0.46536452316102528 0.93049925355350271 -0.48424845337867739 0.42681693380529229 -0.55295965194702157
leaf_weight=20 28 9.9999999999999982 19.000000000000004 5.0000000000000027 25 9.0000000000000018 30 8.0000000000000018 5.9999999999999991 21 17 15.999999999999998 10.999999999999998 14.999999999999998
leaf_count=20 28 10 19 5 25 9 30 8 6 21 17 16 11 15
internal_value=9.52277e-10 0.438393 0.23692 -0.453254 -0.413776 0.91969 0.294315 -0.458045 0.205514 -0.505104 0.97809 -0.543176 0.348462 -0.590318
internal_weight=240 122 86 118 82 36 66 57 25 29 26 36 41 20
internal_count=240 122 86 118 82 36 66 57 25 29 26 36 41 20
is_linear=0
shrinkage=0.05


Tree=20
num_leaves=15
num_cat=0
split_feature=4 5 5 2 4 3 2 2 1 3 4 4 1 4
split_gain=17215.7 4270.69 337.5 153.621 122.25 119.62 116.251 69.4845 64.6982 60.7914 42.6365 42.1681 38.8527 31.2577
threshold=6.2500000000000009 2.5000000000000004 1.5000000000000002 1.0000000180025095e-35 7.2500000000000009 83.250000000000014 2.5000000000000004 4.5000000000000009 191.00000000000003 29.550000000000001 9.4500000000000011 5.0000000000000009 65.500000000000014 4.4500000000000011
decision_type=2 2 2 2 2 2 2 2 2 2 2 2 2 2
left_child=1 2 -1 4 -2 -3 8 -7 -4 10 -6 -8 -5 -10
right_child=3 5 6 12 9 7 11 -9 13 -11 -12 -13 -14 -15
leaf_value=0.045139322243630889 -0.36730950955421693 0.64676273822784425 0.15168489821647341 -0.33679195195436484 -0.50907857923796684 0.8278210912431988 0.39538667731814914 0.97824130619273475 0.39546303272247324 -0.43902418480979072 -0.66575755119323743 0.28557837430168603 -0.15911865711212159 0.23177950850554874
leaf_weight=20 31 4.9999999999999991 19.000000000000004 7.9999999999999982 33 14.000000000000002 18 17 4.9999999999999982 36 4.9999999999999991 17 5 7
leaf_count=20 31 5 19 8 33 14 18 17 5 36 5 17 5 7
internal_value=-1.07723e-09 0.416474 0.225074 -0.430591 -0.450665 0.873706 0.2796 0.91031 0.20909 -0.485584 -0.529694 0.342051 -0.268456 0.299981
internal_weight=240 122 86 118 105 36 66 31 31 74 38 35 13 12
internal_count=240 122 86 118 105 36 66 31 31 74 38 35 13 12
is_linear=0
shrinkage=0.05


Tree=21
num_leaves=15
num_cat=0
split_feature=4 0 2 4 5 4 2 0 4 3 0 3 3 1
split_gain=15537.1 3866.56 334.712 141.862 126.351 108.866 100.655 72.3107 58.6419 56.8561 49.652 39.0401 37.2243 36.3703
threshold=6.2500000000000009 15.750000000000002 2.5000000000000004 8.8500000000000032 1.0000000180025095e-35 4.6500000000000012 4.5000000000000009 13.950000000000001 3.9500000000000006 115.85000000000001 1.2000000000000004 21.250000000000004 75.750000000000014 91.500000000000014
decision_type=2 2 2 2 2 2 2 2 2 2 2 2 2 2
left_child=1 2 5 4 10 -1 9 12 -4 -3 -2 -12 -7 -5
right_child=3 6 8 13 -6 7 -8 -9 -10 -11 11 -13 -14 -15
leaf_value=0.24253068804740907 -0.54989445606867482 0.66582014083862284 0.48867861270904545 -0.52958543404288916 -0.27901946592330934 0.022986193296189106 0.90979414488139909 0.23953359127044679 0.30415186247517989 0.85161510195050916 -0.48125514550642534 -0.37489374876022341 0.17295182257890704 -0.4249547389837412
leaf_weight=14.999999999999998 5.9999999999999991 10.000000000000002 4.9999999999999991 23 25 24.000000000000004 19 5.9999999999999991 31 6.9999999999999991 10.999999999999998 40 4.9999999999999991 12.999999999999998
leaf_count=15 6 10 5 23 25 24 19 6 31 7 11 40 5 13
internal_value=-9.5771e-10 0.39565 0.213531 -0.409062 -0.372737 0.129832 0.830711 0.0815323 0.329781 0.742324 -0.413841 -0.397834 0.0488423 -0.491802
internal_weight=240 122 86 118 82 50 36 35 36 17 57 51 29 36
internal_count=240 122 86 118 82 50 36 35 36 17 57 51 29 36
is_linear=0
shrinkage=0.05


Tree=22
num_leaves=15
num_cat=0
split_feature=4 0 2 2 4 4 0 4 0 4 4 1 3 1
split_gain=14022.3 3489.57 302.078 131.512 105.194 98.2516 92.6899 69.3268 65.2604 52.9243 52.6855 49.9958 41.5081 34.373
threshold=6.2500000000000009 15.750000000000002 2.5000000000000004 1.0000000180025095e-35 7.2500000000000009 4.6500000000000012 17.450000000000006 2.9500000000000006 13.950000000000001 3.9500000000000006 9.2500000000000018 104.00000000000001 24.200000000000006 65.500000000000014
decision_type=2 2 2 2 2 2 2 2 2 2 2 2 2 2
left_child=1 2 5 4 -2 -1 -3 -8 -7 -4 11 12 -6 -5
right_child=3 6 9 13 10 8 7 -9 -10 -11 -12 -13 -14 -15
leaf_value=0.23040415366490682 -0.32985953034893162 0.62587591579982216 0.46424469470977786 -0.30286930873990064 -0.50719980459946856 0.046400219153869771 0.87219987999309179 0.69154105867658355 0.22755691210428874 0.28894427245663062 -0.50889745235443118 -0.27782126665115359 -0.40257103238786973 -0.13575239896774291
leaf_weight=14.999999999999998 31 6.9999999999999991 4.9999999999999991 7.9999999999999982 12.999999999999998 29 22.000000000000004 6.9999999999999991 5.9999999999999991 31 20 5.9999999999999991 35 5
leaf_count=15 31 7 5 8 13 29 22 7 6 31 20 6 35 5
internal_value=3.66708e-10 0.375867 0.202855 -0.388609 -0.407182 0.12334 0.789175 0.828593 0.0774557 0.313292 -0.439574 -0.413898 -0.430908 -0.238594
internal_weight=240 122 86 118 105 50 36 29 35 36 74 54 48 13
internal_count=240 122 86 118 105 50 36 29 35 36 74 54 48 13
is_linear=0
shrinkage=0.05


Tree=23
num_leaves=15
num_cat=0
split_feature=4 4 2 4 3 2 3 5 0 3 1 2 0 0
split_gain=12655.1 3154.4 265.281 120.755 108.011 106.385 77.4694 46.0878 55.1417 40.868 55.069 37.3285 36.3862 35.6309
threshold=6.2500000000000009 3.4000000000000004 1.5000000000000002 8.6500000000000004 83.250000000000014 1.0000000180025095e-35 60.70000000000001 1.0000000180025095e-35 3.9500000000000006 21.250000000000004 60.500000000000007 4.5000000000000009 14.350000000000003 12.750000000000002
decision_type=2 2 2 2 2 2 2 2 2 2 2 2 2 2
left_child=1 4 13 5 -1 9 -4 8 -5 -2 -11 -6 -8 -3
right_child=3 2 6 7 11 -7 12 -9 -10 10 -12 -13 -14 -15
leaf_value=0.54276490688323975 -0.41853557614719172 0.030021921549923714 0.16904112829973825 -0.59793621471949965 0.72999573854299671 -0.16850595143106251 0.26128170629342401 -0.37702734768390656 -0.43255174160003662 -0.3726544120482036 -0.26236932810984159 0.84254809547873111 0.36429941952228551 0.16894669731458029
leaf_weight=4.9999999999999991 17 20.000000000000004 19 7.0000000000000027 13.000000000000002 8.9999999999999982 30 20 18 28 19 17 11.999999999999998 5.9999999999999991
leaf_count=5 17 20 19 7 13 9 30 20 18 28 19 17 12 6
internal_value=4.16379e-10 0.357074 0.195815 -0.369178 0.757917 -0.329466 0.252817 -0.433601 -0.478859 -0.352101 -0.328071 0.793775 0.290715 0.0620815
internal_weight=240 122 87 118 35 73 61 45 25 64 47 30 42 26
internal_count=240 122 87 118 35 73 61 45 25 64 47 30 42 26
is_linear=0
shrinkage=0.05


Tree=24
num_leaves=15
num_cat=0
split_feature=4 0 2 4 4 5 2 0 3 0 4 0 3 1
split_gain=11421.2 2855.89 251.226 109.937 84.2422 79.4719 77.8985 54.8681 49.6754 46.0766 44.2137 36.3228 32.8739 31.8026
threshold=6.2500000000000009 15.750000000000002 2.5000000000000004 8.0500000000000025 4.6500000000000012 1.0000000180025095e-35 4.5000000000000009 13.950000000000001 29.550000000000001 17.450000000000006 3.9500000000000006 1.7500000000000002 75.750000000000014 51.500000000000007
decision_type=2 2 2 2 2 2 2 2 2 2 2 2 2 2
left_child=1 2 4 5 -1 13 9 12 11 -3 -4 -5 -6 -2
right_child=3 6 10 8 7 -7 -8 -9 -10 -11 -12 -13 -14 -15
leaf_value=0.20932672262191773 -0.38064946787697929 0.52391015688578257 0.42138879776000976 -0.5532727797826128 0.014927769328157106 -0.20628454200923443 0.78269473878960871 0.20533354679743449 -0.35298468778210301 0.69616162993691189 0.26116251993563866 -0.41572952171166738 0.15585792988538744 -0.29255088448524474
leaf_weight=14.999999999999998 21 6.0000000000000027 4.9999999999999991 6.0000000000000027 24.000000000000004 15.999999999999998 19 5.9999999999999991 31 10.999999999999998 31 24 4.9999999999999991 20
leaf_count=15 21 6 5 6 24 16 19 6 31 11 31 24 5 20
internal_value=-1.91852e-09 0.33922 0.182703 -0.350719 0.110189 -0.300793 0.713123 0.0677016 -0.397372 0.635367 0.283416 -0.443238 0.0392261 -0.337675
internal_weight=240 122 86 118 50 57 36 35 61 17 36 30 29 41
internal_count=240 122 86 118 50 57 36 35 61 17 36 30 29 41
is_linear=0
shrinkage=0.05


Tree=25
num_leaves=15
num_cat=0
split_feature=4 4 5 2 3 4 3 3 3 4 4 4 1 1
split_gain=10307.7 2578 220.894 101.967 94.3396 83.4243 82.09 46.8286 36.1788 33.2389 32.4859 30.238 29.8794 27.9982
threshold=6.2500000000000009 3.4000000000000004 1.5000000000000002 1.0000000180025095e-35 83.250000000000014 7.1500000000000012 60.70000000000001 29.550000000000001 56.300000000000004 1.9500000000000002 9.4500000000000011 3.9500000000000006 65.500000000000014 210.00000000000003
decision_type=2 2 2 2 2 2 2 2 2 2 2 2 2 2
left_child=1 4 -3 5 -1 -2 8 10 13 -6 -7 -8 -5 -4
right_child=3 2 6 12 9 7 11 -9 -10 -11 -12 -13 -14 -15
leaf_value=0.48355817317962652 -0.27563038393855094 0.030654035664047116 0.13571410179138174 -0.26101689040660864 0.79257592678070043 -0.39740281245287729 0.36662484010060631 -0.33691108038550932 0.041234992754956089 0.68093103408813482 -0.53390056610107428 0.24538533472352558 -0.10520604014396667 0.26154055425098965
leaf_weight=4.9999999999999991 28 20 12.000000000000005 7.9999999999999982 10.000000000000002 34 5.9999999999999991 38 5.9999999999999991 20 4.9999999999999991 36 5 6.9999999999999991
leaf_count=5 28 20 12 8 10 34 6 38 6 20 5 36 5 7
internal_value=3.93241e-10 0.322259 0.176477 -0.333183 0.684633 -0.349538 0.220006 -0.376413 0.148271 0.718146 -0.414903 0.262705 -0.20109 0.182071
internal_weight=240 122 87 118 35 105 67 77 25 30 39 42 13 19
internal_count=240 122 87 118 35 105 67 77 25 30 39 42 13 19
is_linear=0
shrinkage=0.05


Tree=26
num_leaves=15
num_cat=0
split_feature=4 0 2 4 5 4 2 0 3 0 4 3 1 3
split_gain=9302.66 2337.88 209.72 95.2535 87.285 69.7661 65.4226 46.3457 39.9887 38.8211 35.3863 30.2054 29.7087 28.6038
threshold=6.2500000000000009 15.750000000000002 2.5000000000000004 8.8500000000000032 1.0000000180025095e-35 4.6500000000000012 4.5000000000000009 13.950000000000001 115.85000000000001 1.2000000000000004 3.9500000000000006 43.600000000000009 303.00000000000006 75.750000000000014
decision_type=2 2 2 2 2 2 2 2 2 2 2 2 2 2
left_child=1 2 5 4 9 -1 8 13 -3 -2 -4 -11 -8 -7
right_child=3 6 10 -5 -6 7 12 -9 -10 11 -12 -13 -14 -15
leaf_value=0.18849844038486482 -0.44122531414031985 0.50902645111083966 0.37998483657836912 -0.38432347310913939 -0.20886531352996826 0.010778675806553412 0.67083763395036966 0.18610720435778302 0.66484312329973494 -0.32458156382753733 0.23664295269596961 -0.22364426718817818 0.81282163619995118 0.14223770141601563
leaf_weight=14.999999999999998 5.9999999999999991 10.000000000000002 4.9999999999999991 36 25 24.000000000000004 14.000000000000002 5.9999999999999991 6.9999999999999991 42 31 8.9999999999999982 4.9999999999999991 4.9999999999999991
leaf_count=15 6 10 5 36 25 24 14 6 7 42 31 9 5 5
internal_value=-5.63062e-10 0.306146 0.164533 -0.316524 -0.286759 0.0982799 0.644444 0.0596149 0.573186 -0.320922 0.256552 -0.306769 0.708202 0.033444
internal_weight=240 122 86 118 82 50 36 35 17 57 36 51 19 29
internal_count=240 122 86 118 82 50 36 35 17 57 36 51 19 29
is_linear=0
shrinkage=0.05


Tree=27
num_leaves=15
num_cat=0
split_feature=4 0 2 2 4 4 4 2 1 3 0 1 4 4
split_gain=8395.65 2109.94 189.272 87.1656 72.9761 62.9931 62.9639 52.3975 46.011 46.9815 41.827 36.2056 33.1251 32.5599
threshold=6.2500000000000009 15.750000000000002 2.5000000000000004 1.0000000180025095e-35 9.2500000000000018 2.9500000000000006 4.6500000000000012 4.5000000000000009 114.00000000000001 44.350000000000009 13.950000000000001 27.500000000000004 5.0000000000000009 7.6500000000000012
decision_type=2 2 2 2 2 2 2 2 2 2 2 2 2 2
left_child=1 2 6 4 8 7 -1 -3 9 11 -8 -2 -4 -13
right_child=3 5 12 -5 -6 -7 10 -9 -10 -11 -12 13 -14 -15
leaf_value=0.17907351871331534 -0.40735986828804016 0.57035340395840717 0.28909152244266711 -0.17856737100161041 -0.40175196528434753 0.50557441949844362 0.031771824418984615 0.71402463912963876 -0.14845236420631411 -0.20341948688030245 0.17680184145768485 -0.26247812440762153 0.19301906368311716 -0.3368076226290535
leaf_weight=14.999999999999998 9.9999999999999982 11.000000000000002 19 12.999999999999998 20 9.9999999999999982 29 14.999999999999998 4.9999999999999991 9.9999999999999982 5.9999999999999991 26 17 34
leaf_count=15 10 11 19 13 20 10 29 15 5 10 6 26 17 34
internal_value=2.77845e-10 0.290839 0.156307 -0.300698 -0.315819 0.612222 0.0933659 0.653241 -0.295599 -0.304796 0.0566341 -0.319278 0.243724 -0.304598
internal_weight=240 122 86 118 105 36 50 26 85 80 35 70 36 60
internal_count=240 122 86 118 105 36 50 26 85 80 35 70 36 60
is_linear=0
shrinkage=0.05


Tree=28
num_leaves=15
num_cat=0
split_feature=4 4 2 3 3 4 4 5 1 1 1 4 3 4
split_gain=7577.08 1910.01 166.375 80.4951 77.9027 60.0619 56.1631 53.9325 35.6763 32.3183 29.4411 29.3828 27.6761 25.4958
threshold=6.2500000000000009 3.4000000000000004 1.5000000000000002 44.350000000000009 83.250000000000014 7.5500000000000007 5.0000000000000009 1.0000000180025095e-35 181.50000000000003 36.500000000000007 213.00000000000003 9.2500000000000018 20.150000000000002 1.9500000000000002
decision_type=2 2 2 2 2 2 2 2 2 2 2 2 2 2
left_child=1 4 10 5 -1 -2 -4 11 -8 -5 -3 -7 -9 -6
right_child=3 2 6 9 13 7 8 12 -10 -11 -12 -13 -14 -15
leaf_value=0.40548914432525635 -0.24508015944650682 0.01261117709310431 0.23871010362225423 -0.27502929210662841 0.68384998321533175 -0.3354801264676181 0.072801183231852251 -0.35437827450888482 0.18977419915609062 -0.11648451189200085 0.13256320272173203 -0.42684415380160018 -0.23807730486518458 0.58606993913650507
leaf_weight=4.9999999999999991 33 19.000000000000004 34 4.9999999999999991 10.000000000000002 33 11.000000000000002 7.0000000000000027 15.999999999999998 8.9999999999999982 6.9999999999999991 11.999999999999998 19 20
leaf_count=5 33 19 34 5 10 33 11 7 16 9 7 12 19 20
internal_value=-9.03383e-10 0.276297 0.150815 -0.285663 0.58821 -0.300815 0.195956 -0.32672 0.142119 -0.173108 0.044906 -0.359844 -0.269389 0.618663
internal_weight=240 122 87 118 35 104 61 71 27 14 26 45 26 30
internal_count=240 122 87 118 35 104 61 71 27 14 26 45 26 30
is_linear=0
shrinkage=0.05


Tree=29
num_leaves=15
num_cat=0
split_feature=4 0 2 4 2 0 4 4 1 0 1 3 1 0
split_gain=6838.31 1728.88 159.769 74.8399 70.438 54.5782 52.7265 46.654 34.816 40.1735 33.92 30.4085 39.6226 28.0883
threshold=6.2500000000000009 15.750000000000002 2.5000000000000004 8.6500000000000004 1.0000000180025095e-35 17.450000000000006 5.0000000000000009 2.9500000000000006 91.500000000000014 3.9500000000000006 210.00000000000003 21.250000000000004 60.500000000000007 13.950000000000001
decision_type=2 2 2 2 2 2 2 2 2 2 2 2 2 2
left_child=1 2 6 4 11 -3 10 -7 9 -5 -1 -2 -13 -8
right_child=3 5 -4 8 -6 7 13 -9 -10 -11 -12 12 -14 -15
leaf_value=0.10278129721991716 -0.31584053390166344 0.42809225150517061 0.22101839303245976 -0.44157775243123354 -0.1091434766848882 0.61941969177939671 0.014013260894495505 0.47121805463518412 -0.25989976088205974 -0.31531672591254828 0.24218480785687768 -0.27562373684985297 -0.18207571130049857 0.14476973414421082
leaf_weight=16.000000000000004 17 6.9999999999999991 36 9.0000000000000018 8.9999999999999982 22.000000000000004 23.000000000000004 6.9999999999999991 14.999999999999998 21 5.9999999999999991 28 19 4.9999999999999991
leaf_count=16 17 7 36 9 9 22 23 7 15 21 6 28 19 5
internal_value=-6.54254e-10 0.262482 0.140703 -0.27138 -0.240116 0.5534 0.0828753 0.583647 -0.322097 -0.353195 0.1408 -0.258534 -0.237806 0.0373626
internal_weight=240 122 86 118 73 36 50 29 45 30 22 64 47 28
internal_count=240 122 86 118 73 36 50 29 45 30 22 64 47 28
is_linear=0
shrinkage=0.05


Tree=30
num_leaves=15
num_cat=0
split_feature=4 4 5 3 3 0 4 1 1 4 0 3 1 1
split_gain=6171.58 1563.95 138.179 69.9382 67.4179 58.4852 52.4267 52.4331 48.808 31.6295 34.4997 30.6659 27.6093 25.3398
threshold=6.2500000000000009 3.4000000000000004 1.5000000000000002 44.350000000000009 83.250000000000014 14.350000000000003 9.4500000000000011 102.50000000000001 191.00000000000003 6.5500000000000007 1.2000000000000004 66.050000000000011 36.500000000000007 254.50000000000003
decision_type=2 2 2 2 2 2 2 2 2 2 2 2 2 2
left_child=1 4 -3 6 -1 8 7 9 11 -2 -11 -4 -5 -6
right_child=3 2 5 12 13 -7 -8 -9 -10 10 -12 -13 -14 -15
leaf_value=0.36162301301956179 -0.15236190289258958 0.020477829240262507 0.049106922586049345 -0.24709970951080323 0.48372975587844835 0.25364175513386727 -0.37515672336925165 -0.16218488290905952 0.20253638022002721 -0.40913434028625489 -0.27324967184956644 0.15043615065515042 -0.10056003058950108 0.58764419230547815
leaf_weight=4.9999999999999991 4.9999999999999991 20 14.000000000000002 4.9999999999999991 8.0000000000000018 15.999999999999998 10.999999999999998 11.999999999999998 21 4.9999999999999991 71 15.999999999999998 8.9999999999999982 22
leaf_count=5 5 20 14 5 8 16 11 12 21 5 71 16 9 22
internal_value=1.21072e-10 0.249358 0.135811 -0.257811 0.531604 0.170239 -0.271934 -0.259725 0.144073 -0.274175 -0.282189 0.103149 -0.152896 0.559934
internal_weight=240 122 87 118 35 67 104 93 51 81 76 30 14 30
internal_count=240 122 87 118 35 67 104 93 51 81 76 30 14 30
is_linear=0
shrinkage=0.05


Tree=31
num_leaves=15
num_cat=0
split_feature=4 0 2 2 4 0 4 4 1 3 4 0 1 4
split_gain=5569.85 1415.77 133.456 66.3318 53.7589 46.5427 44.4585 40.7419 36.2117 34.9113 29.3108 30.3245 28.233 24.7303
threshold=6.2500000000000009 15.750000000000002 2.5000000000000004 1.0000000180025095e-35 9.2500000000000018 17.450000000000006 5.0000000000000009 2.9500000000000006 114.00000000000001 44.350000000000009 6.5500000000000007 1.2000000000000004 210.00000000000003 5.0000000000000009
decision_type=2 2 2 2 2 2 2 2 2 2 2 2 2 2
left_child=1 2 6 4 8 -3 12 -7 9 10 -2 -12 -1 -4
right_child=3 5 13 -5 -6 7 -8 -9 -10 -11 11 -13 -14 -15
leaf_value=0.092341393185779441 -0.14474380910396575 0.38443357263292588 0.23929257016432914 -0.13838035018595224 -0.33186666548252108 0.5615108858455311 0.03204505921208433 0.42301735196794782 -0.11021631360054017 -0.16152653523720803 -0.38867762088775637 -0.26051454901695253 0.21952287356058756 0.15628169678589876
leaf_weight=16.000000000000004 4.9999999999999991 6.9999999999999991 19 12.999999999999998 20 22.000000000000004 28 6.9999999999999991 4.9999999999999991 9.9999999999999982 4.9999999999999991 60 5.9999999999999991 17
leaf_count=16 5 7 19 13 20 22 28 7 5 10 5 60 6 17
internal_value=-1.82724e-10 0.23689 0.126688 -0.24492 -0.258111 0.50015 0.0738372 0.528081 -0.240757 -0.248916 -0.2614 -0.270373 0.127027 0.200093
internal_weight=240 122 86 118 105 36 50 29 85 80 70 65 22 36
internal_count=240 122 86 118 105 36 50 29 85 80 70 65 22 36
is_linear=0
shrinkage=0.05


Tree=32
num_leaves=15
num_cat=0
split_feature=4 4 2 4 3 5 4 1 1 3 4 1 1 1
split_gain=5026.79 1279.33 114.488 60.0247 58.601 57.0503 42.6792 31.6858 30.2221 32.232 25.8147 23.4772 23.4409 34.8655
threshold=6.2500000000000009 3.4000000000000004 1.5000000000000002 8.8500000000000032 83.250000000000014 1.0000000180025095e-35 5.5500000000000007 187.00000000000003 27.500000000000004 17.150000000000002 3.9500000000000006 213.00000000000003 254.50000000000003 323.50000000000006
decision_type=2 2 2 2 2 2 2 2 2 2 2 2 2 2
left_child=1 4 11 5 -1 8 10 -8 -2 -10 -4 -3 -6 -14
right_child=3 2 6 -5 12 -7 7 -9 9 -11 -12 -13 13 -15
leaf_value=0.32184421062469482 -0.30716928442319236 0.0056547077078568306 0.2578906403647529 -0.28649511105484432 0.43344004452228529 -0.14607201153039934 -0.0048835071424643203 0.15170129622731887 -0.32575062115987147 -0.2012670566638311 0.16394623982218595 0.11277053824492865 0.56752147253821872 0.41732153892517093
leaf_weight=4.9999999999999991 11.999999999999998 19.000000000000004 8.9999999999999982 36 8.0000000000000018 25 5.9999999999999982 7 5.9999999999999991 39 39 6.9999999999999991 17.000000000000004 4.9999999999999991
leaf_count=5 12 19 9 36 8 25 6 7 6 39 39 7 17 5
internal_value=-5.74316e-10 0.225046 0.122349 -0.232674 0.48032 -0.209046 0.159796 0.0794314 -0.236666 -0.217865 0.181561 0.0344936 0.506733 0.533385
internal_weight=240 122 87 118 35 82 61 13 57 45 48 26 30 22
internal_count=240 122 87 118 35 82 61 13 57 45 48 26 30 22
is_linear=0
shrinkage=0.05


Tree=33
num_leaves=15
num_cat=0
split_feature=4 0 2 3 4 5 4 3 4 4 0 0 3 0
split_gain=4536.68 1159.95 111.892 57.6393 41.5661 43.9873 40.0077 39.6413 36.9877 32.3397 32.0874 29.3007 25.4172 24.6726
threshold=6.2500000000000009 15.750000000000002 2.5000000000000004 44.350000000000009 6.5500000000000007 1.0000000180025095e-35 1.9500000000000002 113.55000000000001 4.6500000000000012 9.2500000000000018 9.1000000000000014 24.050000000000004 16.550000000000004 1.2000000000000004
decision_type=2 2 2 2 2 2 2 2 2 2 2 2 2 2
left_child=1 2 8 4 -2 9 -3 11 -1 13 -10 -8 -7 -6
right_child=3 6 -4 -5 5 12 7 -9 10 -11 -12 -13 -14 -15
leaf_value=0.13134049966931344 -0.10611226046457888 0.53154752471230249 0.18125676802463003 -0.12579586889062608 -0.3547584819793701 -0.28195877415793286 0.31629944562911977 0.49423261165618898 -0.043873690730995604 -0.34050350884596509 0.065663864520879897 0.46454084396362305 -0.17543655431696348 -0.23780892776406329
leaf_weight=14.999999999999998 5.9999999999999991 10.999999999999998 36 13.999999999999998 4.9999999999999991 6.9999999999999991 10.000000000000002 9.9999999999999982 8.9999999999999982 11.999999999999998 26 4.9999999999999991 28 46
leaf_count=15 6 11 36 14 5 7 10 10 9 12 26 5 28 46
internal_value=4.5402e-10 0.213793 0.114044 -0.221041 -0.233862 -0.241683 0.452085 0.417121 0.0656501 -0.266652 0.0374971 0.365713 -0.196741 -0.249275
internal_weight=240 122 86 118 104 98 36 25 50 63 35 15 35 51
internal_count=240 122 86 118 104 98 36 25 50 63 35 15 35 51
is_linear=0
shrinkage=0.05


Tree=34
num_leaves=15
num_cat=0
split_feature=4 0 2 2 4 2 4 3 1 1 3 0 1 1
split_gain=4094.35 1046.86 100.983 53.6248 44.6661 36.9996 33.7956 29.9049 25.6002 23.7721 22.4032 22.1765 22.1646 21.4815
threshold=6.2500000000000009 15.750000000000002 2.5000000000000004 1.0000000180025095e-35 7.1500000000000012 4.5000000000000009 5.0000000000000009 29.550000000000001 43.000000000000007 210.00000000000003 115.85000000000001 13.950000000000001 65.500000000000014 303.00000000000006
decision_type=2 2 2 2 2 2 2 2 2 2 2 2 2 2
left_child=1 2 6 4 -2 10 9 8 -6 -1 -3 -8 -5 -7
right_child=3 5 -4 12 7 13 11 -9 -10 -11 -12 -13 -14 -15
leaf_value=0.076914541446603812 -0.16776948353009566 0.32786911010742181 0.17219393127080468 -0.16580948308110241 -0.33303628166516624 0.44565561839512413 0.0051830339043036746 -0.20994666469724557 -0.24526526806531132 0.19361688296000165 0.44449657031467987 0.12136715531349183 -0.03161273054778576 0.56638985157012944
leaf_weight=16.000000000000004 28 10.000000000000002 36 7.9999999999999982 11.999999999999998 14.000000000000002 23.000000000000004 38 27 5.9999999999999991 6.9999999999999991 4.9999999999999991 5 4.9999999999999991
leaf_count=16 28 10 36 8 12 14 23 38 27 6 7 5 5 5
internal_value=4.96705e-10 0.203104 0.108341 -0.209989 -0.221849 0.42948 0.0623676 -0.241514 -0.272272 0.108742 0.375892 0.0259302 -0.114195 0.477428
internal_weight=240 122 86 118 105 36 50 77 39 22 17 28 13 19
internal_count=240 122 86 118 105 36 50 77 39 22 17 28 13 19
is_linear=0
shrinkage=0.05


Tree=35
num_leaves=15
num_cat=0
split_feature=5 4 4 3 3 5 0 1 4 3 1 3 1 1
split_gain=3697.3 725.113 327.071 53.9114 47.2201 43.1468 42.7707 37.2096 29.3772 24.2976 22.7104 22.4814 20.5743 19.2247
threshold=1.5000000000000002 3.4000000000000004 6.4000000000000012 44.350000000000009 83.250000000000014 1.0000000180025095e-35 14.350000000000003 191.00000000000003 9.2500000000000018 56.300000000000004 36.500000000000007 69.40000000000002 213.00000000000003 254.50000000000003
decision_type=2 2 2 2 2 2 2 2 2 2 2 2 2 2
left_child=2 4 9 5 -2 8 7 11 -4 -1 -5 -3 -9 -6
right_child=1 6 3 10 13 -7 -8 12 -10 -11 -12 -13 -14 -15
leaf_value=-0.05027464167638257 0.27046012878417969 0.038465797306141913 -0.22421678450872318 -0.19663211345672607 0.37005199491977675 -0.171977864474886 0.20323795042932036 0.21773192220264004 -0.31085373312234882 0.052604877514143791 -0.06372737487157186 0.1268176743760705 0.1177249441544215 0.46056363474239004
leaf_weight=11.000000000000002 4.9999999999999991 18.000000000000004 53 4.9999999999999991 8.0000000000000018 36 15.999999999999998 9.0000000000000018 11.999999999999998 11.999999999999998 8.9999999999999982 11.999999999999998 11.999999999999998 22
leaf_count=11 5 18 53 5 8 36 16 9 12 12 9 12 12 22
internal_value=-4.94765e-10 0.228269 -0.16872 -0.203145 0.412718 -0.21589 0.131915 0.109539 -0.240211 0.00340163 -0.111193 0.0738065 0.160585 0.436427
internal_weight=240 102 138 115 35 101 67 51 65 23 14 30 21 30
internal_count=240 102 138 115 35 101 67 51 65 23 14 30 21 30
is_linear=0
shrinkage=0.05


Tree=36
num_leaves=15
num_cat=0
split_feature=5 4 4 2 3 0 1 3 4 1 4 3 1 4
split_gain=3336.82 654.414 295.181 49.4625 42.6162 38.6005 33.9917 33.8638 43.8199 24.2453 23.2579 22.2582 19.5392 18.1176
threshold=1.5000000000000002 3.4000000000000004 6.4000000000000012 1.0000000180025095e-35 83.250000000000014 14.350000000000003 181.50000000000003 31.850000000000005 9.4500000000000011 98.500000000000014 4.6500000000000012 58.800000000000004 65.500000000000014 8.7500000000000018
decision_type=2 2 2 2 2 2 2 2 2 2 2 2 2 2
left_child=2 4 11 7 -2 6 10 8 9 -4 -3 -1 -5 -9
right_child=1 5 3 12 -6 -7 -8 13 -10 -11 -12 -13 -14 -15
leaf_value=-0.039908421612702874 0.25693712234497074 0.10998685539234428 -0.22848783320850796 -0.14959667995572093 0.41460583845774335 0.19307605549693108 0.1425472653022519 -0.14810169015465111 -0.34566087722778321 -0.14241639256477356 0.011545048002153635 0.059313506484031678 -0.023598210364580152 -0.22346418499946596
leaf_weight=13.000000000000002 4.9999999999999991 12.000000000000002 45 7.9999999999999982 30 15.999999999999998 27 29 6.9999999999999991 9.9999999999999982 11.999999999999998 9.9999999999999982 5 10.999999999999998
leaf_count=13 5 12 45 8 30 16 27 29 7 10 12 10 5 11
internal_value=5.81689e-10 0.216855 -0.160284 -0.192987 0.392082 0.125319 0.104062 -0.204694 -0.227835 -0.212838 0.060766 0.00323155 -0.101136 -0.168826
internal_weight=240 102 138 115 35 67 51 102 62 55 24 23 13 40
internal_count=240 102 138 115 35 67 51 102 62 55 24 23 13 40
is_linear=0
shrinkage=0.05


Tree=37
num_leaves=15
num_cat=0
split_feature=5 0 4 3 5 4 4 0 1 4 4 3 1 2
split_gain=3011.48 592.503 266.401 45.8127 36.2061 33.5356 32.4649 30.6689 29.2972 24.6053 23.4369 20.1127 19.9447 19.3266
threshold=1.5000000000000002 15.750000000000002 6.4000000000000012 44.350000000000009 1.0000000180025095e-35 3.7500000000000004 1.9500000000000002 22.100000000000005 181.50000000000003 9.2500000000000018 5.5500000000000007 56.300000000000004 36.500000000000007 2.5000000000000004
decision_type=2 2 2 2 2 2 2 2 2 2 2 2 2 2
left_child=2 5 11 4 9 -2 -3 -8 10 -4 13 -1 -5 -7
right_child=1 6 3 12 -6 8 7 -9 -10 -11 -12 -13 -14 -15
leaf_value=-0.045765487849712357 0.22048484621835607 0.44076217954809016 -0.20272857215044635 -0.17864179849624634 -0.15486166746252114 0.036732181087136252 0.2885964265891483 0.40016168897802179 0.13822043855344096 -0.28201750069856646 -0.03044951342046261 0.047835807874798776 -0.054092307885487884 0.12918925835536074
leaf_weight=11.000000000000002 6.9999999999999991 10.999999999999998 53 4.9999999999999991 36 10.000000000000004 14.000000000000002 10.999999999999998 31 11.999999999999998 4.9999999999999991 11.999999999999998 8.9999999999999982 13
leaf_count=11 7 11 53 5 36 10 14 11 31 12 5 12 9 13
internal_value=-6.21658e-10 0.206012 -0.15227 -0.183338 -0.195088 0.117012 0.369181 0.337685 0.104735 -0.217367 0.067662 0.00306997 -0.0985743 0.0889905
internal_weight=240 102 138 115 101 66 36 25 59 65 28 23 14 23
internal_count=240 102 138 115 101 66 36 25 59 65 28 23 14 23
is_linear=0
shrinkage=0.05


Tree=38
num_leaves=15
num_cat=0
split_feature=5 0 4 3 4 2 4 3 1 0 5 0 4 3
split_gain=2717.86 534.734 240.427 42.7829 44.6292 30.5158 29.2996 28.8608 26.8249 25.9862 24.7847 21.1118 19.1556 18.6374
threshold=1.5000000000000002 15.750000000000002 6.4000000000000012 34.550000000000004 9.4500000000000011 2.5000000000000004 1.9500000000000002 113.55000000000001 101.50000000000001 4.3500000000000005 1.0000000180025095e-35 24.050000000000004 7.5500000000000007 22.050000000000004
decision_type=2 2 2 2 2 2 2 2 2 2 2 2 2 2
left_child=2 5 -1 4 8 -2 -3 11 12 -5 -11 -8 -4 -14
right_child=1 6 3 9 -6 -7 7 -9 -10 10 -12 -13 13 -15
leaf_value=0.0029164710770482605 0.073917393361528722 0.41872408173301007 -0.15463288708737022 -0.18295748312957585 -0.31700173105512347 0.14219728344016605 0.23499265432357783 0.38659698247909546 -0.098403005301952368 -0.13869313718751072 -0.034976051913367362 0.36082516670227055 -0.25530413178836597 -0.18626366698223612
leaf_weight=23 30 10.999999999999998 19 15.999999999999998 6.9999999999999991 36 10.000000000000002 9.9999999999999982 7.9999999999999991 15.999999999999998 9.0000000000000018 4.9999999999999991 17 23
leaf_count=23 30 11 19 16 7 36 10 10 8 16 9 5 17 23
internal_value=-1.98682e-10 0.195712 -0.144657 -0.174171 -0.196872 0.111161 0.350722 0.320801 -0.184321 -0.1332 -0.101355 0.276937 -0.19597 -0.215606
internal_weight=240 102 138 115 74 66 36 25 67 41 25 15 59 40
internal_count=240 102 138 115 74 66 36 25 67 41 25 15 59 40
is_linear=0
shrinkage=0.05


Tree=39
num_leaves=15
num_cat=0
split_feature=4 0 2 4 2 2 4 1 0 1 1 3 1 3
split_gain=2454.78 632.205 65.5983 38.7977 37.9468 27.3509 24.5325 26.4394 20.8669 29.5491 18.5286 36.5869 17.8145 16.9271
threshold=6.2500000000000009 15.750000000000002 2.5000000000000004 8.6500000000000004 1.0000000180025095e-35 4.5000000000000009 5.4500000000000011 210.00000000000003 3.9500000000000006 49.000000000000007 33.000000000000007 38.550000000000004 303.00000000000006 80.800000000000011
decision_type=2 2 2 2 2 2 2 2 2 2 2 2 2 2
left_child=1 2 6 4 10 -3 7 -1 9 -5 -2 -12 -7 -4
right_child=3 5 13 8 -6 12 -8 -9 -10 -11 11 -13 -14 -15
leaf_value=0.046597523397455619 -0.20222873002290728 0.28711168625775507 0.1197544989734888 -0.3449318122863767 -0.043954592405094042 0.34547642043658655 -0.00012772132953008016 0.15155663415789605 -0.17258229383400508 -0.20025763424734275 -0.15921339996159078 -0.047635142174032002 0.45542381763458251 0.21175201733907068
leaf_weight=24 14.999999999999998 17 30 5.0000000000000027 8.9999999999999982 14.000000000000002 18 7.9999999999999991 28 11.999999999999998 40 8.9999999999999982 4.9999999999999991 5.9999999999999991
leaf_count=24 15 17 30 5 9 14 18 8 28 12 40 9 5 6
internal_value=-3.95812e-10 0.157265 0.0836237 -0.162596 -0.140086 0.333186 0.0465699 0.0728373 -0.199112 -0.242809 -0.153604 -0.138719 0.37441 0.135087
internal_weight=240 122 86 118 73 36 50 32 45 17 64 49 19 36
internal_count=240 122 86 118 73 36 50 32 45 17 64 49 19 36
is_linear=0
shrinkage=0.05


Tree=40
num_leaves=15
num_cat=0
split_feature=5 4 4 3 4 3 0 1 1 0 5 1 3 3
split_gain=2217.41 438.927 196.268 36.7794 38.166 33.7939 30.2825 27.0909 23.964 22.482 20.8453 18.6699 17.5433 17.3063
threshold=1.5000000000000002 3.4000000000000004 6.4000000000000012 34.550000000000004 9.4500000000000011 83.250000000000014 14.350000000000003 191.00000000000003 101.50000000000001 4.3500000000000005 1.0000000180025095e-35 213.00000000000003 66.050000000000011 58.800000000000004
decision_type=2 2 2 2 2 2 2 2 2 2 2 2 2 2
left_child=2 5 13 4 8 -2 7 12 -4 -5 -11 -9 -3 -1
right_child=1 6 3 9 -6 -7 -8 11 -10 10 -12 -13 -14 -15
leaf_value=-0.035367419398747948 0.19993762195110321 0.011619357658284049 -0.17778042529599142 -0.16562164309434593 -0.289467351777213 0.34034105817476912 0.1618259446695447 0.18097764783435391 -0.085562388924881827 -0.12396285226568581 -0.028844828117224899 0.085711373016238213 0.08826057892292738 0.052123675942420955
leaf_weight=13.000000000000002 4.9999999999999991 14.000000000000002 59 15.999999999999998 6.9999999999999991 30 15.999999999999998 9.0000000000000018 7.9999999999999991 15.999999999999998 9.0000000000000018 11.999999999999998 15.999999999999998 9.9999999999999982
leaf_count=13 5 14 59 16 7 30 16 9 8 16 9 12 16 10
internal_value=-7.97833e-10 0.176778 -0.130662 -0.157328 -0.178376 0.320283 0.101812 0.0829838 -0.166769 -0.11934 -0.0897204 0.12654 0.0524947 0.00267219
internal_weight=240 102 138 115 74 35 67 51 67 41 25 21 30 23
internal_count=240 102 138 115 74 35 67 51 67 41 25 21 30 23
is_linear=0
shrinkage=0.05


Tree=41
num_leaves=15
num_cat=0
split_feature=4 4 2 0 2 2 1 4 3 4 3 4 0 1
split_gain=2007.28 419.612 142.204 37.4268 34.6568 32.25 28.1428 25.045 19.0728 29.2233 18.0867 17.2802 15.1841 13.8715
threshold=5.7500000000000009 3.4000000000000004 1.0000000180025095e-35 9.4500000000000011 1.5000000000000002 3.5000000000000004 45.500000000000007 8.2500000000000018 31.850000000000005 9.0500000000000025 38.550000000000004 3.9500000000000006 12.400000000000002 254.50000000000003
decision_type=2 2 2 2 2 2 2 2 2 2 2 2 2 2
left_child=1 5 6 -4 12 -1 8 10 9 -2 -8 -6 -3 -7
right_child=2 4 3 -5 11 13 7 -9 -10 -11 -12 -13 -14 -15
leaf_value=0.22269253797001309 -0.18935563961664834 0.0087673465056078755 -0.075002668844535936 0.042062460834329782 0.17811050481266447 0.27233836480549395 -0.12725235213126457 -0.16814833745798644 -0.14966548192625245 -0.3289342284202576 -0.042005730117671197 0.10160092224435109 0.098957858766828277 0.35467487636365391
leaf_weight=8.9999999999999982 15.000000000000002 14.000000000000002 18.000000000000004 10.999999999999998 8.9999999999999982 7.0000000000000027 28 34 14.999999999999998 4.9999999999999991 7.9999999999999991 41 6.9999999999999991 19
leaf_count=9 15 14 18 11 9 7 28 34 15 5 8 41 7 19
internal_value=6.44165e-10 0.16258 -0.128608 -0.0305987 0.0927335 0.304269 -0.155678 -0.137374 -0.192285 -0.22425 -0.108309 0.115373 0.0388309 0.332507
internal_weight=240 106 134 29 71 35 105 70 35 20 36 50 21 26
internal_count=240 106 134 29 71 35 105 70 35 20 36 50 21 26
is_linear=0
shrinkage=0.05


Tree=42
num_leaves=15
num_cat=0
split_feature=4 0 4 3 2 4 3 0 5 0 4 0 3 3
split_gain=1811.57 379.696 129.772 34.8731 31.274 23.471 23.6957 22.993 21.6426 20.5455 16.9053 16.8783 15.8356 14.9561
threshold=5.7500000000000009 15.750000000000002 6.5500000000000007 44.350000000000009 2.5000000000000004 1.9500000000000002 113.55000000000001 9.4500000000000011 1.0000000180025095e-35 1.2000000000000004 9.2500000000000018 24.050000000000004 16.550000000000004 48.250000000000007
decision_type=2 2 2 2 2 2 2 2 2 2 2 2 2 2
left_child=1 4 7 8 13 -3 11 -2 9 -4 -11 -7 -10 -1
right_child=2 5 3 -5 -6 6 -8 -9 12 10 -12 -13 -14 -15
leaf_value=-0.016522624591986338 -0.062272544882514241 0.34727214466441764 -0.26005195577939355 -0.070168715781931373 0.12300665461225435 0.18237907707691187 0.31924682378768926 0.039959337359124963 -0.19027035832405093 -0.14946489766564058 -0.21846394579518927 0.29489015579223632 -0.10619031277185838 0.069501512299757456
leaf_weight=5.9999999999999991 11.000000000000002 10.999999999999998 5.9999999999999991 13.999999999999998 32 10.000000000000002 9.9999999999999982 10.999999999999998 6.9999999999999991 46 10.999999999999998 4.9999999999999991 28 32
leaf_count=6 11 11 6 14 32 10 10 11 7 46 11 5 28 32
internal_value=-1.16997e-10 0.154451 -0.122178 -0.143986 0.0865875 0.286408 0.259628 -0.0111566 -0.154531 -0.172044 -0.162781 0.219883 -0.123006 0.0559188
internal_weight=240 106 134 112 70 36 25 22 98 63 57 15 35 38
internal_count=240 106 134 112 70 36 25 22 98 63 57 15 35 38
is_linear=0
shrinkage=0.05


Tree=43
num_leaves=15
num_cat=0
split_feature=5 4 4 2 4 0 1 3 4 4 1 4 1 4
split_gain=1638.81 321.313 142.37 28.5287 24.9796 24.7728 24.4511 24.2946 27.2227 17.2249 16.2826 26.6442 14.8328 15.9518
threshold=1.5000000000000002 3.4000000000000004 6.6500000000000012 3.5000000000000004 5.7500000000000009 14.350000000000003 181.50000000000003 31.850000000000005 9.4500000000000011 4.4500000000000011 27.500000000000004 8.6500000000000004 98.500000000000014 7.5500000000000007
decision_type=2 2 2 2 2 2 2 2 2 2 2 2 2 2
left_child=2 3 4 -2 -1 6 9 8 12 -3 -9 -12 13 -4
right_child=1 5 7 -5 -6 -7 -8 10 -10 -11 11 -13 -14 -15
leaf_value=0.028378579417864477 0.19803046782811484 0.093987633287906602 -0.11165759402016801 0.30131536401235143 -0.061434153653681281 0.14211393631994726 0.10344469527265542 -0.1686702885478735 -0.25312561137335643 0.0041313025169074534 -0.062235503745349974 -0.15047184016023363 -0.09335901260375977 -0.17925585526973009
leaf_weight=15.000000000000002 8.9999999999999982 8.0000000000000018 11.999999999999998 26 15.999999999999998 15.999999999999998 27 9.9999999999999982 6.9999999999999991 15.999999999999998 22 13.999999999999998 9.9999999999999982 32
leaf_count=15 9 8 12 26 16 16 27 10 7 16 22 14 10 32
internal_value=-2.7086e-10 0.151974 -0.112328 0.274756 -0.0179764 0.0878333 0.0708041 -0.139664 -0.160353 0.0340834 -0.112228 -0.0965496 -0.148327 -0.16082
internal_weight=240 102 138 35 31 67 51 107 61 24 46 36 54 44
internal_count=240 102 138 35 31 67 51 107 61 24 46 36 54 44
is_linear=0
shrinkage=0.05


Tree=44
num_leaves=15
num_cat=0
split_feature=4 0 2 0 2 1 3 4 4 0 3 3 3 3
split_gain=1479.59 310.088 107.126 26.4768 26.4513 23.6562 20.9173 21.0166 20.5485 21.7078 15.3158 15.1548 14.1106 13.3403
threshold=5.7500000000000009 15.750000000000002 1.0000000180025095e-35 9.4500000000000011 2.5000000000000004 36.500000000000007 17.150000000000002 8.8500000000000032 1.9500000000000002 22.100000000000005 38.550000000000004 31.850000000000005 76.950000000000017 48.250000000000007
decision_type=2 2 2 2 2 2 2 2 2 2 2 2 2 2
left_child=1 4 5 -4 13 11 -7 10 -3 -10 -8 -2 -6 -1
right_child=2 8 3 -5 12 6 7 -9 9 -11 -12 -13 -14 -15
leaf_value=-0.018366525818904241 -0.21034634581633971 0.31578172770413487 -0.062697573709819043 0.035764563083648684 0.0925793849863112 -0.17530901900359563 -0.10451913938364561 -0.15033661471679807 0.19247674771717613 0.2863382935523987 -0.034126532338559633 -0.13537569296761201 0.16925665959715844 0.062878112378530207
leaf_weight=5.9999999999999991 14.000000000000002 10.999999999999998 18.000000000000004 10.999999999999998 24 13.999999999999998 34 20 14.000000000000002 10.999999999999998 9.9999999999999982 12.999999999999998 7.9999999999999991 32
leaf_count=6 14 11 18 11 24 14 34 20 14 11 10 13 8 32
internal_value=2.24294e-10 0.139584 -0.110417 -0.0253499 0.0782551 -0.133911 -0.119948 -0.107838 0.258833 0.233776 -0.0885208 -0.174249 0.111749 0.05005
internal_weight=240 106 134 29 70 105 78 64 36 25 44 27 32 38
internal_count=240 106 134 29 70 105 78 64 36 25 44 27 32 38
is_linear=0
shrinkage=0.05


Tree=45
num_leaves=15
num_cat=0
split_feature=5 0 4 1 3 5 1 3 0 4 0 4 3 0
split_gain=1339.12 262.056 117.382 22.8343 21.5552 20.0209 20.3681 19.7437 18.9509 23.5972 17.2942 14.4865 12.2904 12.0063
threshold=1.5000000000000002 15.750000000000002 6.6500000000000012 191.00000000000003 44.350000000000009 1.0000000180025095e-35 43.000000000000007 58.800000000000004 17.450000000000006 2.9500000000000006 10.750000000000002 5.0000000000000009 16.550000000000004 6.6500000000000012
decision_type=2 2 2 2 2 2 2 2 2 2 2 2 2 2
left_child=2 3 7 10 5 6 13 -1 -3 -10 -2 -5 -7 -4
right_child=1 8 4 11 -6 12 -8 -9 9 -11 -12 -13 -14 -15
leaf_value=-0.043402306806473501 0.015839930245762364 0.17205293689455306 -0.21069491483709391 0.14629129136602081 -0.066014958688846007 -0.16400477460452489 -0.1289972996339202 0.041957933753728867 0.28915592811324375 0.18375629527228221 0.082985436713153671 0.072586101045211168 -0.08993180905069624 -0.1284253348906835
leaf_weight=21.000000000000004 17 6.9999999999999991 17.000000000000004 15.000000000000002 12.999999999999998 6.9999999999999991 36 9.9999999999999982 22.000000000000004 6.9999999999999991 22 11.999999999999998 28 5.9999999999999991
leaf_count=21 17 7 17 15 13 7 36 10 22 7 22 12 28 6
internal_value=2.33995e-10 0.137377 -0.10154 0.0781873 -0.126361 -0.134706 -0.152479 -0.0158667 0.245892 0.263715 0.0537169 0.113533 -0.104746 -0.189233
internal_weight=240 102 138 66 107 94 59 31 36 29 39 27 35 23
internal_count=240 102 138 66 107 94 59 31 36 29 39 27 35 23
is_linear=0
shrinkage=0.05


Tree=46
num_leaves=15
num_cat=0
split_feature=4 0 2 0 0 2 1 0 3 4 4 3 1 3
split_gain=1210.59 251.233 87.299 22.9564 21.48 20.4581 20.0103 18.4839 17.8311 18.7482 17.4438 19.7793 14.3262 13.2397
threshold=5.7500000000000009 15.750000000000002 1.0000000180025095e-35 13.950000000000001 9.4500000000000011 1.5000000000000002 36.500000000000007 15.100000000000001 17.150000000000002 8.8500000000000032 1.9500000000000002 113.55000000000001 191.00000000000003 38.550000000000004
decision_type=2 2 2 2 2 2 2 2 2 2 2 2 2 2
left_child=1 3 6 5 -4 -1 -2 -5 -8 13 -3 -12 -7 -10
right_child=2 10 4 7 -6 12 8 -9 9 -11 11 -13 -14 -15
leaf_value=0.011947443998522229 -0.15818529167660961 0.28606713468378242 -0.056723570301093977 0.15989184596321801 0.031962023539976646 0.049020541664212942 -0.15935746282339097 0.043948579132556918 -0.093691998205202465 -0.1372021071612835 0.17419723629951475 0.26497932314872741 0.11249691424891353 -0.028243944253772496
leaf_weight=18 27 10.999999999999998 18.000000000000004 10.999999999999998 10.999999999999998 20 13.999999999999998 4.9999999999999991 34 20 15.000000000000002 9.9999999999999982 15.999999999999998 9.9999999999999982
leaf_count=18 27 11 18 11 11 20 14 5 34 20 15 10 16 10
internal_value=1.08266e-10 0.126259 -0.0998766 0.0710567 -0.0230842 0.0554707 -0.121086 0.12366 -0.108244 -0.0970626 0.233597 0.21051 0.0772323 -0.0788174
internal_weight=240 106 134 70 29 54 105 16 78 64 36 25 36 44
internal_count=240 106 134 70 29 54 105 16 78 64 36 25 36 44
is_linear=0
shrinkage=0.05


Tree=47
num_leaves=15
num_cat=0
split_feature=5 2 4 0 3 5 1 3 0 1 4 1 0 0
split_gain=1093.47 217.393 96.9454 47.7718 18.7327 17.0328 17.1248 16.43 13.734 12.4516 23.564 11.1389 10.9574 10.8343
threshold=1.5000000000000002 3.5000000000000004 6.6500000000000012 15.750000000000002 44.350000000000009 1.0000000180025095e-35 43.000000000000007 56.300000000000004 9.9500000000000011 181.50000000000003 4.4500000000000011 303.00000000000006 6.6500000000000012 7.2500000000000009
decision_type=2 2 2 2 2 2 2 2 2 2 2 2 2 2
left_child=2 3 7 9 5 6 12 -1 -9 10 -2 -3 -4 -7
right_child=1 11 4 -5 -6 13 -8 8 -10 -11 -12 -13 -14 -15
leaf_value=-0.042824549502448024 0.09830485880374909 0.22712021536297267 -0.19268854374394695 0.17780680385502903 -0.058055460080504419 -0.10711160137735565 -0.11695354500164588 -0.031384163051843654 0.077114522882870254 0.086686321686614651 0.0096782820858061312 0.29802846908569336 -0.11409480373064679 -0.033299035206437115
leaf_weight=19.000000000000004 11.999999999999998 18.000000000000004 17.000000000000004 10.999999999999998 12.999999999999998 29 36 4.9999999999999982 7 33 20 7.9999999999999991 5.9999999999999991 5.9999999999999991
leaf_count=19 12 18 17 11 13 29 36 5 7 33 20 8 6 6
internal_value=5.02914e-10 0.124139 -0.0917546 0.081444 -0.114312 -0.122092 -0.138485 -0.0138963 0.0319067 0.0651365 0.0429132 0.248938 -0.172186 -0.094458
internal_weight=240 102 138 76 107 94 59 31 12 65 32 26 23 35
internal_count=240 102 138 76 107 94 59 31 12 65 32 26 23 35
is_linear=0
shrinkage=0.05


Tree=48
num_leaves=15
num_cat=0
split_feature=4 4 2 3 1 1 3 4 1 1 2 1 0 3
split_gain=990.73 206.589 71.2217 53.742 17.8742 16.8896 16.0956 16.7623 15.4306 40.1339 14.7321 13.6761 12.6939 12.4519
threshold=5.7500000000000009 3.9500000000000006 1.0000000180025095e-35 78.050000000000026 65.500000000000014 36.500000000000007 17.150000000000002 8.8500000000000032 323.50000000000006 303.00000000000006 2.5000000000000004 210.00000000000003 24.350000000000005 31.850000000000005
decision_type=2 2 2 2 2 2 2 2 2 2 2 2 2 2
left_child=1 3 5 -1 -4 13 -7 -8 9 12 11 -3 -5 -2
right_child=2 10 4 8 -6 6 7 -9 -10 -11 -12 -13 -14 -15
leaf_value=0.095186971873044979 -0.17631404453090255 0.012850057768325011 -0.084590171463787528 0.19141381978988642 0.0032367566334349771 -0.14627430822168078 -0.069836812821978886 -0.12504273962229492 0.14592565059661866 0.3561972280343374 0.08316629142672928 0.08017602156509053 0.28146917819976808 -0.10835711864324718
leaf_weight=9.9999999999999982 14.000000000000002 24 8.0000000000000018 18.000000000000007 21 13.999999999999998 44 20 4.9999999999999991 5.9999999999999991 27 10.999999999999998 4.9999999999999991 12.999999999999998
leaf_count=10 14 24 8 18 21 14 44 20 5 6 27 11 5 13
internal_value=-1.6919e-10 0.11422 -0.090353 0.197079 -0.0209914 -0.10951 -0.0977117 -0.0870887 0.227047 0.241034 0.0554166 0.0340096 0.210991 -0.143594
internal_weight=240 106 134 44 29 105 78 64 34 29 62 35 23 27
internal_count=240 106 134 44 29 105 78 64 34 29 62 35 23 27
is_linear=0
shrinkage=0.05


Tree=49
num_leaves=15
num_cat=0
split_feature=4 2 4 0 0 2 1 0 4 2 0 0 1 4
split_gain=894.134 188.59 65.4765 39.9895 17.3373 24.7162 23.6574 14.4051 13.9445 12.7208 10.4877 9.76097 9.53084 8.88943
threshold=5.7500000000000009 3.5000000000000004 6.6500000000000012 15.750000000000002 3.9500000000000006 1.0000000180025095e-35 71.000000000000014 9.4500000000000011 8.6500000000000004 1.5000000000000002 12.400000000000002 7.7500000000000009 254.50000000000003 8.8500000000000032
decision_type=2 2 2 2 2 2 2 2 2 2 2 2 2 2
left_child=1 3 7 9 6 11 8 -2 -4 10 -1 -6 -3 -8
right_child=2 12 4 -5 5 -7 13 -9 -10 -11 -12 -13 -14 -15
leaf_value=-0.001069101478372301 -0.046539432322606433 0.17562090413910994 -0.13405401377150644 0.15902557616884061 -0.10800869922339916 -0.010747975980242094 -0.059848737174814384 0.027788721566850489 -0.21795436590909958 0.070573756028898066 0.073886969259807048 -0.048524643352720886 0.24386994289724451 -0.12911828458309174
leaf_weight=14.000000000000002 16.000000000000004 7.0000000000000027 13.000000000000002 10.999999999999998 50 8.9999999999999982 11.000000000000002 10.999999999999998 7.9999999999999991 48 6.9999999999999991 7.9999999999999991 19 7.9999999999999991
leaf_count=14 16 7 13 11 50 9 11 11 8 48 7 8 19 8
internal_value=-5.34346e-10 0.108509 -0.0858354 0.0704883 -0.103392 -0.0878413 -0.12944 -0.0162576 -0.166016 0.0563736 0.0239163 -0.099804 0.225495 -0.0890149
internal_weight=240 106 134 80 107 67 40 27 21 69 21 58 26 19
internal_count=240 106 134 80 107 67 40 27 21 69 21 58 26 19
is_linear=0
shrinkage=0.05


Tree=50
num_leaves=15
num_cat=0
split_feature=5 2 4 0 0 2 1 4 3 1 4 1 1 1
split_gain=808.376 161.255 71.1983 33.8451 15.6469 22.3064 21.3508 12.5849 12.3794 11.0709 20.2064 9.68451 12.4317 9.01383
threshold=1.5000000000000002 3.5000000000000004 6.6500000000000012 15.750000000000002 3.9500000000000006 1.0000000180025095e-35 71.000000000000014 8.6500000000000004 58.800000000000004 181.50000000000003 4.4500000000000011 213.00000000000003 196.00000000000003 303.00000000000006
decision_type=2 2 2 2 2 2 2 2 2 2 2 2 2 2
left_child=2 3 8 9 6 -6 7 -4 -1 10 -2 12 -11 -3
right_child=1 13 4 -5 5 -7 -8 -9 -10 11 -12 -13 -14 -15
leaf_value=-0.03397230257590611 0.086577300727367412 0.19459376153018737 -0.12735131324197232 0.15107430057092147 -0.094813800408858173 -0.010210577895243962 -0.084564118949990524 -0.2070566475391388 0.033619117140769962 0.067062986670061928 0.004507510419934988 0.04863856709562242 0.1539411178656987 0.25838047564029692
leaf_weight=21.000000000000004 11.999999999999998 18.000000000000004 13.000000000000002 10.999999999999998 58 8.9999999999999982 19 7.9999999999999991 9.9999999999999982 10.000000000000002 20 15.999999999999998 6.9999999999999991 7.9999999999999991
leaf_count=21 12 18 13 11 58 9 19 8 10 10 20 16 7 8
internal_value=3.39157e-10 0.106736 -0.0788917 0.0699649 -0.0982227 -0.0834492 -0.122968 -0.157715 -0.0121686 0.0562387 0.0352837 0.0765586 0.102836 0.21422
internal_weight=240 102 138 76 107 67 40 21 31 65 32 33 17 26
internal_count=240 102 138 76 107 67 40 21 31 65 32 33 17 26
is_linear=0
shrinkage=0.05


Tree=51
num_leaves=15
num_cat=0
split_feature=4 2 4 0 3 1 0 0 2 0 3 1 4 0
split_gain=731.244 153.029 52.2754 32.3568 14.9068 15.0187 15.2638 12.1136 10.2973 9.32294 8.58407 13.3342 8.36003 9.88757
threshold=5.7500000000000009 3.5000000000000004 6.6500000000000012 15.750000000000002 44.350000000000009 114.00000000000001 1.2000000000000004 9.4500000000000011 1.5000000000000002 12.400000000000002 84.600000000000009 303.00000000000006 8.8500000000000032 3.9500000000000006
decision_type=2 2 2 2 2 2 2 2 2 2 2 2 2 2
left_child=1 3 7 8 5 6 -4 -2 9 -1 -3 -12 -8 -14
right_child=2 10 4 -5 -6 -7 12 -9 -10 -11 11 -13 13 -15
leaf_value=-0.0015761594687189373 -0.043223727028816931 0.15105654026071225 -0.18287084301312764 0.14352058497342199 -0.043127972732942839 -0.029793473226683482 -0.087901089822544784 0.0249365856024352 0.063959347068642577 0.069095119408198777 0.19251829960516517 0.281608251730601 -0.16501206424501202 -0.10237310871127106
leaf_weight=14.000000000000002 16.000000000000004 6.0000000000000027 5.9999999999999991 10.999999999999998 12.999999999999998 6.9999999999999991 51 10.999999999999998 48 6.9999999999999991 14.000000000000002 5.9999999999999991 9.0000000000000018 21
leaf_count=14 16 6 6 11 13 7 51 11 48 7 14 6 9 21
internal_value=-2.2507e-11 0.0981285 -0.077624 0.0638797 -0.0933116 -0.100252 -0.105921 -0.0154547 0.0511833 0.0219809 0.203509 0.219245 -0.100221 -0.121165
internal_weight=240 106 134 80 107 94 87 27 69 21 26 20 81 30
internal_count=240 106 134 80 107 94 87 27 69 21 26 20 81 30
is_linear=0
shrinkage=0.05


Tree=52
num_leaves=15
num_cat=0
split_feature=4 0 2 0 4 3 1 3 4 1 4 1 3 3
split_gain=659.948 139.243 48.3443 23.7363 17.7465 14.9152 13.7421 14.4236 12.875 12.435 12.0764 11.7681 10.6 10.3055
threshold=5.7500000000000009 17.450000000000006 1.0000000180025095e-35 13.950000000000001 2.9500000000000006 79.600000000000009 36.500000000000007 17.150000000000002 8.8500000000000032 191.00000000000003 5.1500000000000012 177.00000000000003 31.850000000000005 38.550000000000004
decision_type=2 2 2 2 2 2 2 2 2 2 2 2 2 2
left_child=1 3 6 9 -3 -5 12 -8 13 -1 -11 -4 -2 -9
right_child=2 4 11 5 -6 -7 7 8 -10 10 -12 -13 -14 -15
leaf_value=0.020041218970436606 -0.15045952850154465 0.2086644015528939 -0.041495991787976687 0.071185069605708112 0.11726043905530657 0.15572422742843628 -0.12485482596925326 -0.066830978931188043 -0.10209078911691905 0.099696295536481405 0.024350892669624754 0.024147263338620013 -0.087759300378652719 -0.0090889793634414667
leaf_weight=32 14.000000000000002 22.000000000000004 18.000000000000004 15.000000000000002 6.9999999999999991 7.9999999999999991 13.999999999999998 34 20 13.000000000000002 8.9999999999999982 10.999999999999998 12.999999999999998 9.9999999999999982
leaf_count=32 14 22 18 15 7 8 14 34 20 13 9 11 13 10
internal_value=-1.18695e-10 0.0932221 -0.0737428 0.0580532 0.186601 0.10059 -0.089526 -0.0788837 -0.0688275 0.0399357 0.0688732 -0.0165968 -0.120271 -0.0537078
internal_weight=240 106 134 77 29 23 105 78 64 54 22 29 27 44
internal_count=240 106 134 77 29 23 105 78 64 54 22 29 27 44
is_linear=0
shrinkage=0.05


Tree=53
num_leaves=15
num_cat=0
split_feature=5 2 4 0 0 2 1 4 0 1 4 1 3 0
split_gain=597.842 119.16 52.3507 23.9937 13.0937 18.7187 17.9598 10.2408 9.5917 9.16606 17.572 8.73582 11.229 8.70515
threshold=1.5000000000000002 3.5000000000000004 6.6500000000000012 15.750000000000002 3.9500000000000006 1.0000000180025095e-35 71.000000000000014 8.6500000000000004 12.400000000000002 181.50000000000003 4.4500000000000011 213.00000000000003 69.40000000000002 7.7500000000000009
decision_type=2 2 2 2 2 2 2 2 2 2 2 2 2 2
left_child=2 3 8 9 6 13 7 -4 -1 10 -2 12 -11 -6
right_child=1 -3 4 -5 5 -7 -8 -9 -10 11 -12 -13 -14 -15
leaf_value=-0.024256167382001873 0.077389891321460402 0.18418684663394325 -0.1115356324956967 0.12847336713563315 -0.089065425850451005 -0.0038156131489409345 -0.071835198684742571 -0.18343585729598999 0.046140640477339429 0.037048550446828185 0.00085672023706138143 0.040595954703167084 0.12208278754895384 -0.032890550978481772
leaf_weight=25.000000000000004 11.999999999999998 26 13.000000000000002 10.999999999999998 50 8.9999999999999982 19 7.9999999999999991 5.9999999999999991 6.0000000000000027 20 15.999999999999998 10.999999999999998 7.9999999999999991
leaf_count=25 12 26 13 11 50 9 19 8 6 6 20 16 11 8
internal_value=-9.8565e-11 0.0917903 -0.067845 0.060181 -0.0844211 -0.0709065 -0.107058 -0.138926 -0.010631 0.0486239 0.0295567 0.0671132 0.0920707 -0.0813172
internal_weight=240 102 138 76 107 67 40 21 31 65 32 33 17 58
internal_count=240 102 138 76 107 67 40 21 31 65 32 33 17 58
is_linear=0
shrinkage=0.05


Tree=54
num_leaves=15
num_cat=0
split_feature=4 0 0 0 4 4 1 3 2 3 3 3 3 1
split_gain=539.938 113.788 39.7392 19.5828 15.9562 15.3292 18.3608 12.3026 11.5369 11.5349 14.1442 10.6459 9.96717 15.3052
threshold=5.7500000000000009 17.450000000000006 7.7500000000000009 13.950000000000001 2.9500000000000006 8.9500000000000011 60.500000000000007 79.600000000000009 1.5000000000000002 74.050000000000011 78.050000000000026 30.550000000000004 34.550000000000004 54.000000000000007
decision_type=2 2 2 2 2 2 2 2 2 2 2 2 2 2
left_child=1 3 5 9 -3 6 -2 -5 -4 -1 -11 -8 13 -7
right_child=2 4 8 7 -6 12 11 -9 -10 10 -12 -13 -14 -15
leaf_value=0.022401307618711147 -0.090081502903591515 0.18965494727546517 -0.035261006504297247 0.064459412557383369 0.10298398046621256 -0.20787250280380221 -0.064438169144771323 0.14123838851228357 0.036345787180794613 0.14256053447723391 0.037674826880296074 -0.0098113668585817024 -0.073117590492421933 -0.10493600357037325
leaf_weight=40 44 22.000000000000004 15.000000000000002 15.000000000000002 6.9999999999999991 5.0000000000000062 22 7.9999999999999991 8.9999999999999982 4.9999999999999991 8.9999999999999982 14.999999999999998 10.999999999999998 12.999999999999998
leaf_count=40 44 22 15 15 7 5 22 8 9 5 9 15 11 13
internal_value=-7.37297e-12 0.084321 -0.0667017 0.0525289 0.168734 -0.0794202 -0.0682518 0.0911651 -0.00840846 0.0360727 0.075134 -0.0422922 -0.110615 -0.133529
internal_weight=240 106 134 77 29 110 81 23 24 54 14 37 29 18
internal_count=240 106 134 77 29 110 81 23 24 54 14 37 29 18
is_linear=0
shrinkage=0.05


Tree=55
num_leaves=15
num_cat=0
split_feature=5 2 2 0 0 1 4 4 3 1 0 1 4 3
split_gain=488.125 97.9238 43.0149 18.922 12.077 14.7935 12.0961 9.4974 9.46101 13.7468 9.19193 8.0713 15.6801 7.59982
threshold=1.5000000000000002 3.5000000000000004 1.0000000180025095e-35 15.750000000000002 7.2500000000000009 91.500000000000014 8.9500000000000011 8.1500000000000004 17.150000000000002 60.500000000000007 3.2500000000000004 181.50000000000003 4.4500000000000011 84.600000000000009
decision_type=2 2 2 2 2 2 2 2 2 2 2 2 2 2
left_child=2 3 4 11 6 -6 8 -4 -1 -10 -11 12 -2 -3
right_child=1 13 7 -5 5 -7 -8 -9 9 10 -12 -13 -14 -15
leaf_value=-0.12557419165968894 0.071315810953577363 0.11734632290899748 0.0011345228801170986 0.11493316196667201 -0.070850266401584316 0.024064651550725104 -0.11898860938847065 -0.068411428729693094 -0.088022413543042022 -0.0049592408266934465 -0.067061995829527196 0.06137334120629187 -0.0009801032580435277 0.18150683959946037
leaf_weight=7.9999999999999991 11.999999999999998 6.0000000000000027 27 10.999999999999998 13.000000000000002 5.9999999999999991 20 5.9999999999999991 34 11.000000000000002 12.999999999999998 33 20 20
leaf_count=8 12 6 27 11 13 6 20 6 34 11 13 33 20 20
internal_value=2.17697e-10 0.0829411 -0.0613043 0.0542865 -0.0769538 -0.0408771 -0.0849242 -0.0115102 -0.0746017 -0.067571 -0.0385982 0.0440232 0.0261309 0.166701
internal_weight=240 102 138 76 105 19 86 33 66 58 24 65 32 26
internal_count=240 102 138 76 105 19 86 33 66 58 24 65 32 26
is_linear=0
shrinkage=0.05


Tree=56
num_leaves=15
num_cat=0
split_feature=4 0 4 0 4 3 1 0 3 3 3 4 0 0
split_gain=442.184 93.1664 31.9086 16.2597 14.2164 11.5179 11.1669 12.1399 10.3773 12.4943 9.94353 8.10326 7.34508 7.09246
threshold=5.7500000000000009 17.450000000000006 6.6500000000000012 13.950000000000001 2.9500000000000006 44.350000000000009 114.00000000000001 1.2000000000000004 74.050000000000011 78.050000000000026 79.600000000000009 4.1500000000000012 15.100000000000001 9.4500000000000011
decision_type=2 2 2 2 2 2 2 2 2 2 2 2 2 2
left_child=1 3 13 8 -3 6 7 -4 11 -10 12 -1 -5 -2
right_child=2 4 5 10 -6 -7 -8 -9 9 -11 -12 -13 -14 -15
leaf_value=0.073148883134126666 -0.033039137837477021 0.17243665267120706 -0.15223319108287495 0.091464956849813428 0.09062707190002714 -0.028506595412125958 -0.017964112332889012 -0.078524303330643183 0.13296623051166534 0.034387475748856859 0.12776253446936608 0.010123605040066383 0.021332356919135369 0.019115621257912031
leaf_weight=5.9999999999999991 16.000000000000004 22.000000000000004 5.9999999999999991 8.0000000000000018 6.9999999999999991 12.999999999999998 6.9999999999999991 81 4.9999999999999991 8.9999999999999982 7.9999999999999991 34 6.9999999999999991 10.999999999999998
leaf_count=6 16 22 6 8 7 13 7 81 5 9 8 34 7 11
internal_value=-7.92109e-11 0.0763071 -0.0603624 0.0475397 0.15269 -0.0726187 -0.0787193 -0.0836077 0.0325447 0.0695942 0.0827455 0.0195774 0.0587364 -0.0117909
internal_weight=240 106 134 77 29 107 94 87 54 14 23 40 15 27
internal_count=240 106 134 77 29 107 94 87 54 14 23 40 15 27
is_linear=0
shrinkage=0.05


Tree=57
num_leaves=15
num_cat=0
split_feature=5 2 2 0 0 1 4 3 1 0 1 3 1 1
split_gain=399.439 80.2924 35.2648 15.0052 10.745 13.0504 10.8714 11.7984 11.6878 9.893 7.83683 7.7085 7.40028 7.02667
threshold=1.5000000000000002 3.5000000000000004 1.0000000180025095e-35 15.750000000000002 7.2500000000000009 91.500000000000014 9.2500000000000018 17.150000000000002 29.500000000000004 2.7500000000000004 65.500000000000014 34.550000000000004 254.50000000000003 181.50000000000003
decision_type=2 2 2 2 2 2 2 2 2 2 2 2 2 2
left_child=2 3 4 13 6 -6 7 -1 -9 -10 -4 -8 -3 -2
right_child=1 12 10 -5 5 -7 11 8 9 -11 -12 -13 -14 -15
leaf_value=-0.12285554442140792 0.023248063918435948 0.10692637562751767 -0.053443795442581182 0.10308819850060075 -0.063748857608208281 0.025399254883329076 -0.1451127549012502 -0.10389056985194867 -0.019686525008257696 -0.066636741454854154 0.0034129608199000359 -0.067682117223739624 0.16706520601322777 0.056130916512373723
leaf_weight=8.9999999999999982 32 7.0000000000000027 7.9999999999999991 10.999999999999998 13.000000000000002 5.9999999999999991 8.9999999999999982 12.999999999999998 17 33 25 4.9999999999999991 19 33
leaf_count=9 32 7 8 11 13 6 9 13 17 33 25 5 19 33
internal_value=-1.10207e-10 0.0750289 -0.0554562 0.049082 -0.069626 -0.0355968 -0.077144 -0.069305 -0.0616549 -0.0506737 -0.0103705 -0.117459 0.150874 0.0399424
internal_weight=240 102 138 76 105 19 86 72 63 50 33 14 26 65
internal_count=240 102 138 76 105 19 86 72 63 50 33 14 26 65
is_linear=0
shrinkage=0.05


Tree=58
num_leaves=15
num_cat=0
split_feature=4 2 3 2 1 4 3 0 1 4 2 0 3 1
split_gain=362.937 65.9998 39.8183 14.3742 11.5451 11.4528 10.7515 10.0039 14.5813 9.05745 8.35203 8.35125 7.83893 8.57206
threshold=5.4500000000000011 3.5000000000000004 44.350000000000009 2.5000000000000004 210.00000000000003 6.5500000000000007 72.100000000000009 3.9500000000000006 82.000000000000014 8.4500000000000011 1.0000000180025095e-35 10.750000000000002 29.550000000000001 33.000000000000007
decision_type=2 2 2 2 2 2 2 2 2 2 2 2 2 2
left_child=1 3 5 4 11 -2 -4 8 9 -7 12 -1 13 -9
right_child=2 -3 6 -5 -6 7 -8 10 -10 -11 -12 -13 -14 -15
leaf_value=-0.019193846789690161 -0.01168545683224996 0.14333028316211244 -0.019648173284427875 0.07143669018672931 0.074341918776432675 -0.090612678761993123 0.045824756962247193 -0.13467977841695142 -0.053615093603730207 -0.15490389664967855 -0.0017220730582873029 0.040000929344784136 -0.042825850658118725 -0.067572118317627383
leaf_weight=13.000000000000002 8.9999999999999982 26 29 37 8.9999999999999982 14.000000000000002 7.9999999999999991 6.0000000000000027 15.999999999999998 8.9999999999999982 5.9999999999999991 10.999999999999998 24 23
leaf_count=13 9 26 29 37 9 14 8 6 16 9 6 11 24 23
internal_value=-6.0536e-11 0.0753053 -0.0502036 0.0500389 0.0260475 -0.0656646 -0.00549186 -0.0706219 -0.0902706 -0.11577 -0.0576337 0.00793709 -0.0639634 -0.0814565
internal_weight=240 96 144 70 33 107 37 98 39 23 59 24 53 29
internal_count=240 96 144 70 33 107 37 98 39 23 59 24 53 29
is_linear=0
shrinkage=0.05


Tree=59
num_leaves=15
num_cat=0
split_feature=4 3 4 0 1 1 0 3 0 2 1 3 4 3
split_gain=327.551 60.6255 35.949 26.1322 13.4731 35.3148 11.1828 9.70019 9.67231 13.1309 12.463 8.11306 9.28739 7.51287
threshold=5.4500000000000011 75.750000000000014 6.6500000000000012 11.15 323.50000000000006 303.00000000000006 24.350000000000005 72.100000000000009 3.9500000000000006 1.0000000180025095e-35 65.500000000000014 113.55000000000001 3.1500000000000008 72.100000000000009
decision_type=2 2 2 2 2 2 2 2 2 2 2 2 2 2
left_child=1 13 7 -3 5 6 11 -2 10 -10 -4 12 -5 -1
right_child=2 3 8 4 -6 -7 -8 -9 9 -11 -12 -13 -14 -15
leaf_value=0.041273690618733629 -0.01865595829640997 0.022987558133900167 -0.11269496762090259 0.048958920107947397 0.050931533575057988 0.24909261713425318 0.18385471820831301 0.043533518852200359 -0.059488019610530345 0.0054232654472192131 -0.056594861942258747 0.1520104189713796 0.12078969015015498 -0.011696803919039668
leaf_weight=41 29 6.9999999999999991 18 9.0000000000000089 4.9999999999999991 5.9999999999999991 4.9999999999999991 7.9999999999999991 58 8.9999999999999982 22 5.9999999999999991 8.9999999999999982 7.9999999999999991
leaf_count=41 29 7 18 9 5 6 5 8 58 9 22 6 9 8
internal_value=-3.85141e-11 0.0715401 -0.0476934 0.112111 0.127707 0.138675 0.11583 -0.00520958 -0.062384 -0.0507686 -0.0818399 0.101658 0.0848743 0.0326254
internal_weight=240 96 144 47 40 35 29 37 107 67 40 24 18 49
internal_count=240 96 144 47 40 35 29 37 107 67 40 24 18 49
is_linear=0
shrinkage=0.05


Tree=60
num_leaves=15
num_cat=0
split_feature=4 0 3 4 2 1 1 4 0 3 0 1 3 0
split_gain=295.615 55.2862 33.27 11.9047 10.6641 10.5214 9.88818 8.63408 9.42417 8.56243 7.13185 7.53226 7.01564 8.11343
threshold=5.4500000000000011 17.450000000000006 44.350000000000009 2.9500000000000006 2.5000000000000004 210.00000000000003 114.00000000000001 7.6500000000000012 3.5500000000000003 72.100000000000009 10.750000000000002 161.50000000000003 34.550000000000004 6.0000000000000009
decision_type=2 2 2 2 2 2 2 2 2 2 2 2 2 2
left_child=1 4 6 -3 5 10 7 -2 -9 -4 -1 -12 13 -10
right_child=2 3 9 -5 -6 -7 -8 8 12 -11 11 -13 -14 -15
leaf_value=-0.019609048045598539 -0.044467452168464663 0.143707588924603 -0.017071753271437926 0.068844524717756692 0.062651892833630832 0.068855419920550456 -0.012102049887180329 -0.10276795998215676 -0.10913120332089335 0.041356842953246091 -0.010230188518762591 0.072863538376986975 -0.031224321402036227 -0.0540212008444702
leaf_weight=13.000000000000002 35 22.000000000000004 29 6.9999999999999991 34 8.9999999999999982 9.9999999999999982 21 11.000000000000002 7.9999999999999991 4.9999999999999982 6 12.999999999999998 17
leaf_count=13 35 22 29 7 34 9 10 21 11 8 5 6 13 17
internal_value=5.54913e-11 0.0679631 -0.0453087 0.125637 0.0429996 0.0227519 -0.0594414 -0.0643217 -0.0755298 -0.00443854 0.00546303 0.0350937 -0.0615785 -0.0756716
internal_weight=240 96 144 29 67 33 107 97 62 37 24 11 41 28
internal_count=240 96 144 29 67 33 107 97 62 37 24 11 41 28
is_linear=0
shrinkage=0.05


Tree=61
num_leaves=15
num_cat=0
split_feature=3 2 4 2 1 1 3 4 1 2 3 1 3 0
split_gain=267.02 58.6386 20.34 13.3224 9.19777 8.6227 10.3897 9.39606 6.5223 6.77547 6.20313 10.4188 5.97865 6.77355
threshold=48.900000000000006 3.5000000000000004 6.6500000000000012 2.5000000000000004 210.00000000000003 25.000000000000004 17.150000000000002 9.2500000000000018 114.00000000000001 1.0000000180025095e-35 84.600000000000009 303.00000000000006 75.750000000000014 11.15
decision_type=2 2 2 2 2 2 2 2 2 2 2 2 2 2
left_child=2 3 -1 4 -2 -4 -7 8 9 -8 -3 -12 -5 -14
right_child=1 10 5 12 -6 6 7 -9 -10 -11 11 -13 13 -15
leaf_value=-0.008561645581007556 0.00074630494841753888 0.079541919690867213 -0.095315330991378205 0.039970943030147331 0.050687315687537197 -0.088503143889829522 -0.047044288374337495 -0.081274402886629113 0.0188040691614151 0.0054146608603852136 0.11388251153486113 0.19263302882512412 0.034736452686289929 0.098961956569781684
leaf_weight=27 27 6.0000000000000027 12.999999999999998 21 13.999999999999998 15.999999999999998 51 13.999999999999998 4.9999999999999991 6.9999999999999991 14.000000000000002 5.9999999999999991 6.0000000000000027 12.999999999999998
leaf_count=27 27 6 13 21 14 16 51 14 5 7 14 6 6 13
internal_value=2.06201e-10 0.058799 -0.0473044 0.0378282 0.0177993 -0.0571729 -0.0518412 -0.0442231 -0.0359895 -0.040713 0.124131 0.137508 0.0583578 0.0786802
internal_weight=240 107 133 81 41 106 93 77 63 58 26 20 40 19
internal_count=240 107 133 81 41 106 93 77 63 58 26 20 40 19
is_linear=0
shrinkage=0.05


Tree=62
num_leaves=15
num_cat=0
split_feature=4 3 3 0 1 1 0 0 4 1 3 3 3 4
split_gain=243.145 46.3557 27.2587 19.4168 12.595 29.8829 9.65889 8.77389 7.00872 9.07635 6.93981 6.75419 6.58236 9.57681
threshold=5.4500000000000011 75.750000000000014 44.350000000000009 11.15 323.50000000000006 303.00000000000006 24.350000000000005 7.7500000000000009 8.9500000000000011 60.500000000000007 72.100000000000009 72.100000000000009 113.55000000000001 3.1500000000000008
decision_type=2 2 2 2 2 2 2 2 2 2 2 2 2 2
left_child=1 11 7 -3 5 6 12 8 9 -2 -4 -1 13 -5
right_child=2 3 10 4 -6 -7 -8 -9 -10 -11 -12 -13 -14 -15
leaf_value=0.035809105841397515 -0.06713538466877228 0.020290222444704603 -0.015470716175783812 0.035387451532814196 0.036325647830963141 0.2227330674727758 0.1633671236038208 -0.013598632533103228 -0.080525100313954878 -0.030457992905810957 0.037131105409935118 -0.014415640942752363 0.1323301948606968 0.10832888301875856
leaf_weight=41 37 6.9999999999999991 29 9.0000000000000089 4.9999999999999991 5.9999999999999991 4.9999999999999991 11.999999999999998 27 31 7.9999999999999991 7.9999999999999991 5.9999999999999991 8.9999999999999982
leaf_count=41 37 7 29 9 5 6 5 12 27 31 8 8 6 9
internal_value=-1.09624e-10 0.0616372 -0.0410915 0.0971132 0.110557 0.121162 0.100147 -0.0538838 -0.0589725 -0.0504148 -0.00409735 0.0276091 0.0869762 0.0718582
internal_weight=240 96 144 47 40 35 29 107 95 68 37 49 24 18
internal_count=240 96 144 47 40 35 29 107 95 68 37 49 24 18
is_linear=0
shrinkage=0.05


Tree=63
num_leaves=15
num_cat=0
split_feature=4 3 1 0 1 1 0 4 1 0 3 0 3 3
split_gain=219.439 41.836 24.7013 17.5237 11.367 26.9693 8.71714 8.55434 10.3421 7.24881 6.64673 8.77199 6.09566 5.94058
threshold=5.4500000000000011 75.750000000000014 177.00000000000003 11.15 323.50000000000006 303.00000000000006 24.350000000000005 8.8500000000000032 60.500000000000007 3.9500000000000006 20.150000000000002 2.6500000000000008 72.100000000000009 113.55000000000001
decision_type=2 2 2 2 2 2 2 2 2 2 2 2 2 2
left_child=1 12 7 -3 5 6 13 8 -2 -9 -10 -12 -1 -5
right_child=2 3 -4 4 -6 -7 -8 9 10 -11 11 -13 -14 -15
leaf_value=0.034018650687322384 -0.054760668389102887 0.019275711051055366 0.017564393273171258 0.068265259245203574 0.0345093646645546 0.21159641618529956 0.15519876837730409 -0.097088063049774909 -0.059353472126854795 -0.050377089951349346 0.038886904104479723 -0.023691579647545175 -0.013694856688380242 0.12571368366479874
leaf_weight=41 47 6.9999999999999991 17 18.000000000000007 4.9999999999999991 5.9999999999999991 4.9999999999999991 12.999999999999998 8.9999999999999982 23 6.9999999999999991 28 7.9999999999999991 5.9999999999999991
leaf_count=41 47 7 17 18 5 6 5 13 9 23 7 28 8 6
internal_value=-1.45665e-10 0.0585553 -0.0390369 0.0922576 0.105029 0.115104 0.0951397 -0.0466134 -0.0384515 -0.0672449 -0.0210304 -0.0111759 0.0262287 0.0826274
internal_weight=240 96 144 47 40 35 29 127 91 36 44 35 49 24
internal_count=240 96 144 47 40 35 29 127 91 36 44 35 49 24
is_linear=0
shrinkage=0.05


Tree=64
num_leaves=15
num_cat=0
split_feature=3 2 4 0 1 2 1 3 0 2 0 0 0 1
split_gain=198.632 43.9682 15.2979 12.2801 13.4439 10.2847 8.24104 7.17938 10.079 6.58086 5.87181 5.68619 5.6103 6.2706
threshold=48.900000000000006 3.5000000000000004 6.9500000000000011 3.9500000000000006 87.500000000000014 2.5000000000000004 210.00000000000003 40.800000000000004 5.0500000000000007 1.0000000180025095e-35 8.4500000000000011 3.2500000000000004 7.2500000000000009 98.500000000000014
decision_type=2 2 2 2 2 2 2 2 2 2 2 2 2 2
left_child=2 5 7 4 -4 6 -2 8 -1 12 -9 -6 -5 -14
right_child=1 -3 3 9 11 -7 -8 10 -10 -11 -12 -13 13 -15
leaf_value=-0.0010765405164824588 -0.0011852893150515029 0.10728568590890904 -0.10177213198971002 -0.054151780138674534 -0.017384993992745876 0.050592321255244314 0.046087058420692176 0.04374114807162964 -0.078209058591164657 0.007832325888531548 -0.013059107930614398 -0.082689229846000675 -0.039960618113929577 0.027570385932922367
leaf_weight=9.0000000000000018 27 26 20 38 9.9999999999999982 40 13.999999999999998 7.0000000000000027 7.9999999999999991 6.9999999999999991 12.999999999999998 4.9999999999999991 10.999999999999998 4.9999999999999991
leaf_count=9 27 26 20 38 10 40 14 7 8 7 13 5 11 5
internal_value=1.15251e-10 0.0507134 -0.0407995 -0.051327 -0.0749354 0.0325544 0.0149565 -0.0134849 -0.0373742 -0.0377812 0.00682098 -0.0391531 -0.0436941 -0.0188572
internal_weight=240 107 133 96 35 81 41 37 17 61 20 15 54 16
internal_count=240 107 133 96 35 81 41 37 17 61 20 15 54 16
is_linear=0
shrinkage=0.05


Tree=65
num_leaves=15
num_cat=0
split_feature=4 3 2 0 1 1 0 1 0 1 3 4 4 0
split_gain=180.459 35.1506 20.3062 14.6505 10.4712 24.1221 7.72382 9.76051 7.62809 7.36782 9.78652 8.83144 6.38555 5.85384
threshold=5.4500000000000011 75.750000000000014 1.0000000180025095e-35 11.15 323.50000000000006 303.00000000000006 7.2500000000000009 91.500000000000014 24.350000000000005 36.500000000000007 17.150000000000002 6.9500000000000011 8.8500000000000032 2.4500000000000006
decision_type=2 2 2 2 2 2 2 2 2 2 2 2 2 2
left_child=1 -1 6 -3 5 8 9 -8 -5 11 -11 -2 13 -12
right_child=2 3 -4 4 -6 -7 7 -9 -10 10 12 -13 -14 -15
leaf_value=0.023469213472337141 -0.020962059497833238 0.017261670104094917 -0.0045922526779274145 0.074754544855871546 0.02798654645681381 0.19659720081835985 -0.042338521563662926 0.034758160014947255 0.14264147758483889 -0.08788513703779742 0.0098874722917874653 -0.097091110236942779 -0.06386682090659937 -0.036089543007935092
leaf_weight=49 5.0000000000000027 6.9999999999999991 39 24.000000000000004 4.9999999999999991 5.9999999999999991 13.000000000000002 5.9999999999999991 4.9999999999999991 10.999999999999998 8.9999999999999982 15.999999999999998 14.999999999999998 30
leaf_count=49 5 7 39 24 5 6 13 6 5 11 9 16 15 30
internal_value=-1.83548e-10 0.0531006 -0.0354004 0.0839929 0.0956708 0.10534 -0.0468434 -0.0179922 0.0864592 -0.0532175 -0.044899 -0.0789651 -0.0361426 -0.0254795
internal_weight=240 96 144 47 40 35 105 19 29 86 65 21 54 39
internal_count=240 96 144 47 40 35 105 19 29 86 65 21 54 39
is_linear=0
shrinkage=0.05


Tree=66
num_leaves=15
num_cat=0
split_feature=2 2 3 0 0 3 1 0 1 3 1 4 4 1
split_gain=163.85 30.9522 19.5713 7.4599 6.55375 7.75319 6.83236 6.38123 6.21179 10.4991 5.84361 5.77763 5.67669 5.42744
threshold=1.5000000000000002 3.5000000000000004 44.350000000000009 12.400000000000002 11.15 75.750000000000014 191.00000000000003 8.4500000000000011 98.500000000000014 15.350000000000003 170.50000000000003 5.0000000000000009 9.2500000000000018 60.500000000000007
decision_type=2 2 2 2 2 2 2 2 2 2 2 2 2 2
left_child=2 4 8 -4 6 -6 10 -8 9 -1 11 -2 13 -11
right_child=1 -3 3 -5 5 -7 7 -9 -10 12 -12 -13 -14 -15
leaf_value=-0.10978589781693049 0.053587182760238661 0.09718259698353135 -0.013230318852389853 0.044092520858560295 0.027014066828858287 0.072436225501930004 0.086562244743108752 0.01843811950900338 -0.022752986013889313 -0.049871386951682251 -0.051299357712268838 -0.019187512435019014 -0.078937853343615486 -0.018457900248467923
leaf_weight=6.9999999999999991 4.9999999999999982 26 30 6.9999999999999991 21 17 4.9999999999999991 10.999999999999998 25 44 4.9999999999999991 6 10.999999999999998 20
leaf_count=7 5 26 30 7 21 17 5 11 25 44 5 6 11 20
internal_value=3.13351e-10 0.050598 -0.033732 -0.00238546 0.0332951 0.0473345 0.0166233 0.0397269 -0.0445714 -0.0512234 -0.00648037 0.0138919 -0.0457575 -0.0400547
internal_weight=240 96 144 37 70 38 32 16 107 82 16 11 75 64
internal_count=240 96 144 37 70 38 32 16 107 82 16 11 75 64
is_linear=0
shrinkage=0.05


Tree=67
num_leaves=15
num_cat=0
split_feature=2 0 3 4 0 0 4 0 3 0 1 0 1 4
split_gain=147.874 27.9697 17.6631 8.63387 6.73256 5.8167 5.37507 5.16607 6.74705 8.1923 6.16621 5.75906 5.27386 5.21431
threshold=1.5000000000000002 17.450000000000006 44.350000000000009 2.9500000000000006 12.400000000000002 7.7500000000000009 6.5500000000000007 11.15 75.750000000000014 15.750000000000002 191.00000000000003 8.4500000000000011 170.50000000000003 5.0000000000000009
decision_type=2 2 2 2 2 2 2 2 2 2 2 2 2 2
left_child=2 7 5 -3 -4 6 -1 10 -9 -10 12 -12 13 -2
right_child=1 3 4 -5 -6 -7 -8 8 9 -11 11 -13 -14 -15
leaf_value=0.0039725981652736662 0.050907823145389566 0.10447904572885652 -0.012568802771468957 0.040724477810519084 0.041887893314872471 -0.0095418007384675263 -0.04928939660286738 0.025663363374769689 0.10359838942531499 0.026309616863727566 0.082234132364392282 0.017516212876547466 -0.04873438984155655 -0.018228135909885167
leaf_weight=4.9999999999999991 4.9999999999999982 22.000000000000004 30 6.9999999999999991 6.9999999999999991 11.999999999999998 90 21 7.9999999999999982 6 4.9999999999999991 10.999999999999998 4.9999999999999991 6
leaf_count=5 5 22 30 7 7 12 90 21 8 6 5 11 5 6
internal_value=4.35587e-11 0.0480681 -0.0320454 0.08909 -0.00226618 -0.0423428 -0.0464861 0.0303123 0.0435879 0.0704746 0.0157921 0.0377406 -0.00615635 0.0131973
internal_weight=240 96 144 29 37 107 95 67 35 14 32 16 16 11
internal_count=240 96 144 29 37 107 95 67 35 14 32 16 16 11
is_linear=0
shrinkage=0.05


Tree=68
num_leaves=15
num_cat=0
split_feature=4 3 1 0 1 1 3 3 4 1 3 2 0 1
split_gain=133.702 26.3622 15.401 10.4855 9.41161 21.5473 7.11746 6.81088 6.33584 7.12039 5.7933 5.76866 5.72596 5.10792
threshold=5.4500000000000011 75.750000000000014 177.00000000000003 11.15 323.50000000000006 303.00000000000006 115.85000000000001 84.200000000000003 8.8500000000000032 25.000000000000004 72.100000000000009 4.5000000000000009 3.9500000000000006 206.50000000000003
decision_type=2 2 2 2 2 2 2 2 2 2 2 2 2 2
left_child=1 10 8 -3 5 6 7 -5 9 -2 -1 -9 -10 -4
right_child=2 3 13 4 -6 -7 -8 11 12 -11 -12 -13 -14 -15
leaf_value=0.02763975775664354 -0.069234922528266907 0.016005499714187212 0.056681385338306391 0.1000240723602473 0.018170841485261918 0.17775545244415603 0.12793071508407591 0.0047620493452996022 -0.080733149842574056 -0.024515088440068528 -0.018875362630933524 0.066776337251067172 -0.03921770202400892 -0.0034693186481793725
leaf_weight=41 9.9999999999999982 6.9999999999999991 5.0000000000000027 8.0000000000000053 4.9999999999999991 5.9999999999999991 4.9999999999999991 5.9999999999999991 12.999999999999998 81 7.9999999999999991 9.9999999999999982 23 11.999999999999998
leaf_count=41 10 7 5 8 5 6 5 6 13 81 8 10 23 12
internal_value=1.22624e-10 0.0457066 -0.0304711 0.0724597 0.0823392 0.0915061 0.0736614 0.0623553 -0.0364536 -0.0294294 0.0200455 0.043521 -0.0542094 0.0142221
internal_weight=240 96 144 47 40 35 29 24 127 91 49 16 36 17
internal_count=240 96 144 47 40 35 29 24 127 91 49 16 36 17
is_linear=0
shrinkage=0.05


Tree=69
num_leaves=15
num_cat=0
split_feature=2 2 3 0 1 3 4 0 1 3 0 1 1 1
split_gain=121.15 23.6346 14.7793 5.80337 5.44497 7.77592 6.49607 4.68534 5.45981 5.28721 5.12432 4.85563 4.64072 4.51822
threshold=1.5000000000000002 3.5000000000000004 44.350000000000009 12.400000000000002 91.500000000000014 15.350000000000003 9.2500000000000018 11.15 191.00000000000003 75.750000000000014 8.4500000000000011 170.50000000000003 254.50000000000003 60.500000000000007
decision_type=2 2 2 2 2 2 2 2 2 2 2 2 2 2
left_child=2 7 4 -4 5 -1 13 8 11 -9 -10 -2 -3 -7
right_child=1 12 3 -5 -6 6 -8 9 10 -11 -12 -13 -14 -15
leaf_value=-0.099856359014908469 0.012209483439272101 0.049413517756121475 -0.011330855352183184 0.039228462481072979 -0.019479267139519967 -0.043499232705851848 -0.078079912625253212 0.023478596360378325 0.076915171258151532 0.060988068931243006 0.015867820111188022 -0.047215841114521033 0.097037242627457568 -0.014323552678290167
leaf_weight=5.9999999999999991 10.999999999999998 7.0000000000000027 30 6.9999999999999991 28 44 9.9999999999999982 21 4.9999999999999991 17 10.999999999999998 4.9999999999999991 19 19
leaf_count=6 11 7 30 7 28 44 10 21 5 17 11 5 19 19
internal_value=-1.66862e-11 0.0435083 -0.0290055 -0.00176558 -0.038425 -0.0451399 -0.0406426 0.0283885 0.0142921 0.0402591 0.0349451 -0.00636093 0.0842155 -0.0347002
internal_weight=240 96 144 37 107 79 73 70 32 38 16 16 26 63
internal_count=240 96 144 37 107 79 73 70 32 38 16 16 26 63
is_linear=0
shrinkage=0.05


Tree=70
num_leaves=15
num_cat=0
split_feature=4 3 2 4 3 0 0 1 1 3 1 0 0 0
split_gain=109.56 21.686 13.0039 8.65219 8.72417 10.334 6.69053 7.95798 5.96187 7.65427 7.612 6.81854 5.81269 6.28782
threshold=5.4500000000000011 75.750000000000014 1.0000000180025095e-35 1.8 113.55000000000001 22.100000000000005 7.2500000000000009 91.500000000000014 36.500000000000007 17.150000000000002 22.500000000000004 3.2500000000000004 2.7500000000000004 6.0000000000000009
decision_type=2 2 2 2 2 2 2 2 2 2 2 2 2 2
left_child=1 -1 6 -3 -5 -6 8 -8 10 -10 -2 -12 -11 -14
right_child=2 3 -4 4 5 -7 7 -9 9 12 11 -13 13 -15
leaf_value=0.01810068347092186 -0.023261940266404824 0.11692152959959848 -0.0029292331769680368 0.041378450250652225 0.045934609447916358 0.13873363199333349 -0.031871986303191914 0.037742701172828678 -0.07320603982291439 -0.0051812981206335526 -0.046827821433544164 -0.11733919773250819 -0.05683647688655627 -0.013577092359108584
leaf_weight=49 7.0000000000000027 6.9999999999999991 39 28 5.9999999999999982 6 13.000000000000002 5.9999999999999991 10.999999999999998 19 5.9999999999999991 7.9999999999999991 21 13.999999999999998
leaf_count=49 7 7 39 28 6 6 13 6 11 19 6 8 21 14
internal_value=1.74235e-10 0.0413749 -0.0275833 0.0656395 0.0566652 0.0923341 -0.0367405 -0.0098884 -0.0426729 -0.0351901 -0.065834 -0.08712 -0.0274461 -0.0395327
internal_weight=240 96 144 47 40 12 105 19 86 65 21 14 54 35
internal_count=240 96 144 47 40 12 105 19 86 65 21 14 54 35
is_linear=0
shrinkage=0.05


Tree=71
num_leaves=15
num_cat=0
split_feature=2 2 3 0 1 3 4 3 4 1 1 0 0 1
split_gain=99.5557 19.5479 12.3574 5.03873 4.50724 6.75347 5.62256 4.41448 4.12078 9.64796 3.92051 5.00016 3.90813 4.94753
threshold=1.5000000000000002 3.5000000000000004 44.350000000000009 12.400000000000002 91.500000000000014 15.350000000000003 9.2500000000000018 30.550000000000004 2.3500000000000005 263.00000000000006 76.000000000000014 3.5500000000000003 11.15 191.00000000000003
decision_type=2 2 2 2 2 2 2 2 2 2 2 2 2 2
left_child=2 12 4 -4 5 -1 10 -8 -3 -10 11 -7 13 -2
right_child=1 8 3 -5 -6 6 7 -9 9 -11 -12 -13 -14 -15
leaf_value=-0.092008697614073764 -0.0068445801269263031 0.096366960612627159 -0.010298282255729041 0.036812646021800385 -0.017669617610850504 -0.059836227190680803 -0.10487528622150424 -0.03843372046947479 0.002071077227592468 0.090609038365073502 -0.00074413139373064041 -0.026516069185086772 0.036531421696571142 0.032475933741079648
leaf_weight=5.9999999999999991 15.999999999999998 13.000000000000002 30 6.9999999999999991 28 15.999999999999998 4.9999999999999982 5 4.9999999999999991 7.9999999999999991 8.9999999999999982 38 38 15.999999999999998
leaf_count=6 16 13 30 7 28 16 5 5 5 8 9 38 38 16
internal_value=-1.71131e-10 0.0394406 -0.0262937 -0.0013854 -0.0349069 -0.0410163 -0.0368251 -0.0716545 0.0764615 0.056556 -0.0312966 -0.0363887 0.0256899 0.0128157
internal_weight=240 96 144 37 107 79 73 10 26 13 63 54 70 32
internal_count=240 96 144 37 107 79 73 10 26 13 63 54 70 32
is_linear=0
shrinkage=0.05


Tree=72
num_leaves=15
num_cat=0
split_feature=3 2 4 0 1 2 2 1 1 0 4 1 1 4
split_gain=89.9459 20.3764 7.70793 6.0559 8.43186 5.67778 5.24568 6.71463 4.96953 6.55269 9.27511 5.57223 4.91739 4.72681
threshold=48.900000000000006 3.5000000000000004 7.1500000000000012 3.9500000000000006 87.500000000000014 1.0000000180025095e-35 2.5000000000000004 210.00000000000003 206.50000000000003 20.900000000000002 4.6500000000000012 181.50000000000003 29.500000000000004 4.4500000000000011
decision_type=2 2 2 2 2 2 2 2 2 2 2 2 2 2
left_child=2 6 12 4 -4 -5 7 -2 11 10 -10 13 -1 -8
right_child=1 -3 3 5 -6 -7 8 -9 9 -11 -12 -13 -14 -15
leaf_value=-0.049488375655242375 -0.0053740334421120313 0.072638394848371923 -0.076154263907422637 -0.0321520282480088 -0.025395995639264587 0.016115852019616538 0.061375721450895052 0.037296409532427792 -0.058319943547248815 0.054563919853951252 0.030843357528959 0.092133543671419238 -0.0039754460255304975 0.0051149559872491028
leaf_weight=6.9999999999999991 27 26 18 47 14.999999999999998 6.9999999999999991 8.0000000000000018 13.999999999999998 5.0000000000000018 6.9999999999999991 7 5.9999999999999991 39 6.9999999999999991
leaf_count=7 27 26 18 47 15 7 8 14 5 7 7 6 39 7
internal_value=-1.12329e-10 0.0341263 -0.027455 -0.0362075 -0.0530823 -0.0258951 0.0217644 0.00919636 0.0346466 0.0161185 -0.00630802 0.0514101 -0.0109013 0.0351207
internal_weight=240 107 133 87 33 54 81 41 40 19 12 21 46 15
internal_count=240 107 133 87 33 54 81 41 40 19 12 21 46 15
is_linear=0
shrinkage=0.05


Tree=73
num_leaves=15
num_cat=0
split_feature=4 3 3 4 3 0 3 0 0 0 3 4 0 0
split_gain=82.0607 16.8343 9.51189 7.12963 7.10282 9.10992 5.0535 4.60572 4.25542 5.06268 4.84417 4.25132 4.16053 8.58386
threshold=5.4500000000000011 75.750000000000014 44.350000000000009 1.8 113.55000000000001 22.100000000000005 72.100000000000009 7.7500000000000009 13.950000000000001 11.15 51.850000000000001 6.5500000000000007 16.450000000000003 11.15
decision_type=2 2 2 2 2 2 2 2 2 2 2 2 2 2
left_child=1 6 7 -3 12 -6 8 11 9 10 -1 -2 13 -5
right_child=2 3 -4 4 5 -7 -8 -9 -10 -11 -12 -13 -14 -15
leaf_value=-0.0063696987394775599 0.0097597750928252944 0.10373818576335908 -0.0020187525028312527 0.012754123066718285 0.037659324705600745 0.12478913217782972 -0.021049174107611181 -0.002240963000804186 0.048996530896560718 -0.016407389994710683 0.045221301053579042 -0.037608465681680379 0.01454339399933815 0.088570479466579866
leaf_weight=7.0000000000000062 4.9999999999999991 6.9999999999999991 37 7.0000000000000027 5.9999999999999982 6 7.9999999999999991 11.999999999999998 10.999999999999998 9.9999999999999982 12.999999999999998 90 12.999999999999998 7.9999999999999991
leaf_count=7 5 7 37 7 6 6 8 12 11 10 13 90 13 8
internal_value=-1.705e-11 0.0358078 -0.0238719 0.0571865 0.0490399 0.0812242 0.0153017 -0.0314285 0.0223946 0.0126405 0.0271645 -0.0351154 0.0352467 0.0531895
internal_weight=240 96 144 47 40 12 49 107 41 30 20 95 28 15
internal_count=240 96 144 47 40 12 49 107 41 30 20 95 28 15
is_linear=0
shrinkage=0.05


Tree=74
num_leaves=15
num_cat=0
split_feature=2 3 3 1 1 0 0 4 1 3 1 3 4 1
split_gain=74.4624 18.7031 10.0867 7.69701 19.5756 6.97211 5.51759 4.89265 4.66587 8.98916 9.64471 4.34211 3.37412 4.2894
threshold=2.5000000000000004 44.350000000000009 75.750000000000014 323.50000000000006 303.00000000000006 24.350000000000005 13.950000000000001 4.4500000000000011 220.50000000000003 113.55000000000001 263.00000000000006 72.100000000000009 9.4500000000000011 98.500000000000014
decision_type=2 2 2 2 2 2 2 2 2 2 2 2 2 2
left_child=1 12 11 4 5 8 7 -3 -4 10 -10 -2 13 -1
right_child=2 6 3 -5 -6 -7 -8 -9 9 -11 -12 -13 -14 -15
leaf_value=-0.033103333641989405 0.028469155322421676 0.033793201670050621 0.072674444876611205 -0.00067417412996292111 0.14829511046409607 0.10450043499469758 0.040226761086119549 -0.0087149822322482428 -0.025383453898959681 0.078697392344474801 0.061227407306432724 -0.023149430751800537 -0.056796358999880885 -0.0075740953907370567
leaf_weight=76 22.000000000000004 7.9999999999999991 8.0000000000000018 4.9999999999999991 5.9999999999999991 4.9999999999999991 8.9999999999999982 44 9.0000000000000018 5.9999999999999991 4.9999999999999991 4.9999999999999991 10.999999999999998 21
leaf_count=76 22 8 8 5 6 5 9 44 9 6 5 5 11 21
internal_value=1.28687e-10 -0.0180517 0.0429682 0.0577311 0.0652189 0.0501142 0.00408077 -0.00217526 0.0404024 0.0274935 0.005549 0.0189102 -0.0305525 -0.0275764
internal_weight=240 169 71 44 39 33 61 52 28 20 14 27 108 97
internal_count=240 169 71 44 39 33 61 52 28 20 14 27 108 97
is_linear=0
shrinkage=0.05


Tree=75
num_leaves=15
num_cat=0
split_feature=2 3 4 1 0 4 3 3 1 2 3 3 4 1
split_gain=67.2023 16.8796 9.41329 8.27767 4.97962 4.41562 3.15457 3.91876 3.28833 6.91629 3.0618 4.54188 3.04514 3.87119
threshold=2.5000000000000004 44.350000000000009 2.3500000000000005 254.50000000000003 13.950000000000001 4.4500000000000011 76.950000000000017 72.100000000000009 224.00000000000003 3.5000000000000004 47.45000000000001 75.750000000000014 9.4500000000000011 98.500000000000014
decision_type=2 2 2 2 2 2 2 2 2 2 2 2 2 2
left_child=1 12 3 -2 5 -3 7 -4 -8 -10 -7 -12 13 -1
right_child=2 4 6 -5 -6 10 8 -9 9 -11 11 -13 -14 -15
leaf_value=-0.03144816740685584 0.027728049669946932 0.032103541120886807 0.02704569723626429 0.096144585870206356 0.038215424203210412 0.013259313177938263 0.066791475067536007 -0.021991957426071171 -0.019746565073728562 0.051176143640821625 -0.026323816627264025 0.019242486813371734 -0.053956542367284949 -0.0071953908939446729
leaf_weight=76 7.0000000000000027 7.9999999999999991 22.000000000000004 11.999999999999998 8.9999999999999982 11.999999999999998 9.0000000000000018 4.9999999999999991 4.9999999999999991 10.999999999999998 25 6.9999999999999991 10.999999999999998 21
leaf_count=76 7 8 22 12 9 12 9 5 5 11 25 7 11 21
internal_value=-1.67929e-10 -0.0171491 0.0408198 0.0709385 0.00387674 -0.0020665 0.0298149 0.0179647 0.0426131 0.0290128 -0.00827923 -0.0163562 -0.0290249 -0.0261976
internal_weight=240 169 71 19 61 52 52 27 25 16 44 32 108 97
internal_count=240 169 71 19 61 52 52 27 25 16 44 32 108 97
is_linear=0
shrinkage=0.05


Tree=76
num_leaves=15
num_cat=0
split_feature=2 3 4 1 0 4 3 3 4 1 4 3 0 1
split_gain=60.6501 15.2338 8.49549 7.47059 4.49411 3.9851 3.09626 7.91327 8.84887 5.54143 5.29559 4.98562 4.65047 2.8912
threshold=2.5000000000000004 44.350000000000009 2.3500000000000005 254.50000000000003 13.950000000000001 4.4500000000000011 40.800000000000004 34.550000000000004 9.4500000000000011 102.50000000000001 6.9500000000000011 17.150000000000002 5.0500000000000007 60.500000000000007
decision_type=2 2 2 2 2 2 2 2 2 2 2 2 2 2
left_child=1 6 3 -2 5 -3 7 8 9 11 -8 13 -9 -1
right_child=2 4 -4 -5 -6 -7 10 12 -10 -11 -12 -13 -14 -15
leaf_value=-0.027885120082646611 0.026341647335461196 0.030498364195227626 0.028324132509386313 0.091337358516951406 0.036304652773671682 -0.0078652713553641323 -0.0082534399628639218 -0.021169248782098287 -0.084723403730562752 0.020182937849313021 -0.072431226902537879 -0.023024591142494305 0.031224154018693502 -0.076352599635720261
leaf_weight=4.9999999999999991 7.0000000000000027 7.9999999999999991 52 11.999999999999998 8.9999999999999982 44 4.9999999999999991 8.0000000000000018 6.9999999999999991 5.9999999999999991 8.9999999999999982 51 8.9999999999999982 7.9999999999999991
leaf_count=5 7 8 52 12 9 44 5 8 7 6 9 51 9 8
internal_value=-7.45058e-11 -0.0162917 0.0387788 0.0673916 0.0036829 -0.00196317 -0.0275736 -0.0243064 -0.0311229 -0.0257629 -0.0495106 -0.0300703 0.00656844 -0.0577113
internal_weight=240 169 71 19 61 52 108 94 77 70 14 64 17 13
internal_count=240 169 71 19 61 52 108 94 77 70 14 64 17 13
is_linear=0
shrinkage=0.05


Tree=77
num_leaves=15
num_cat=0
split_feature=4 3 1 1 1 0 3 4 0 3 1 0 4 1
split_gain=54.7632 11.8929 6.90905 6.35506 18.4762 6.67849 4.51128 6.08432 4.92002 4.00871 3.94111 6.53968 3.52579 5.34034
threshold=5.4500000000000011 75.750000000000014 177.00000000000003 323.50000000000006 303.00000000000006 24.350000000000005 113.55000000000001 3.1500000000000008 11.15 72.100000000000009 206.50000000000003 12.400000000000002 8.8500000000000032 25.000000000000004
decision_type=2 2 2 2 2 2 2 2 2 2 2 2 2 2
left_child=1 9 12 4 5 6 7 -3 -9 -1 -4 -12 13 -2
right_child=2 3 10 -5 -6 -7 -8 8 -10 -11 11 -13 -14 -15
leaf_value=0.018333477374143536 -0.052741129398345944 -0.010855704545974725 0.047729304134845704 -0.0060658852080814549 0.13479681660731632 0.093649376630783085 0.070311505099137625 0.0090938737615942952 0.064985052165057927 -0.020359619893133642 -0.03630212885992868 0.03856736898422241 -0.036753711701991661 -0.014012442615147634
leaf_weight=41 9.9999999999999982 9.0000000000000053 5.0000000000000027 4.9999999999999991 5.9999999999999991 4.9999999999999991 5.9999999999999991 6.9999999999999991 8.9999999999999982 7.9999999999999991 6.9999999999999982 5 36 81
leaf_count=41 10 9 5 5 6 5 6 7 9 8 7 5 36 81
internal_value=-2.41901e-10 0.0292519 -0.0195013 0.047221 0.0535647 0.040026 0.0313771 0.0220328 0.0405327 0.0120162 0.0104334 -0.0051065 -0.0235083 -0.0182683
internal_weight=240 96 144 47 42 36 31 25 16 49 17 12 127 91
internal_count=240 96 144 47 42 36 31 25 16 49 17 12 127 91
is_linear=0
shrinkage=0.05


Tree=78
num_leaves=15
num_cat=0
split_feature=2 3 4 3 0 1 4 2 4 1 1 1 3 3
split_gain=50.0807 12.594 7.6325 6.88027 7.49249 4.1928 3.11142 7.67257 6.10582 3.91987 3.42866 3.51421 2.87755 7.15987
threshold=2.5000000000000004 44.350000000000009 1.8 113.55000000000001 22.100000000000005 210.00000000000003 3.6500000000000008 3.5000000000000004 4.3500000000000005 276.00000000000006 181.50000000000003 206.50000000000003 40.800000000000004 34.550000000000004
decision_type=2 2 2 2 2 2 2 2 2 2 2 2 2 2
left_child=1 12 -2 6 -5 -3 7 -4 -8 -9 -10 -12 13 -1
right_child=2 5 3 4 -6 -7 8 9 10 -11 11 -13 -14 -15
leaf_value=-0.028396404863565001 0.084807790602956512 -0.0044590440682239002 -0.041033864021301249 0.024434546629587814 0.10345187112689017 0.025341252773068847 0.081869181394577037 0.0040627253907067435 0.0029690082471531165 0.062027290330734099 0.072295496165752413 0.021740649911490356 -0.04621017899896418 0.0074558594866710563
leaf_weight=77 6.9999999999999991 45 6.0000000000000027 5.9999999999999982 6 15.999999999999998 4.9999999999999991 6.9999999999999982 13.000000000000002 5 4.9999999999999991 10.999999999999998 13.999999999999998 17
leaf_count=77 7 45 6 6 6 16 5 7 13 5 5 11 14 17
internal_value=9.23076e-11 -0.0148042 0.0352382 0.0298165 0.0639432 0.00335743 0.0219412 0.0051318 0.0308402 0.0282146 0.0220421 0.037539 -0.0250622 -0.0219125
internal_weight=240 169 71 64 12 61 52 18 34 12 29 16 108 94
internal_count=240 169 71 64 12 61 52 18 34 12 29 16 108 94
is_linear=0
shrinkage=0.05


Tree=79
num_leaves=15
num_cat=0
split_feature=4 4 1 3 4 0 0 1 3 1 1 4 3 3
split_gain=45.2918 10.1794 5.88144 5.65381 7.77816 7.5409 8.66191 5.01368 4.31113 3.39547 6.76811 5.74497 4.3457 11.794
threshold=5.4500000000000011 2.3500000000000005 254.50000000000003 34.550000000000004 9.4500000000000011 4.3500000000000005 5.7500000000000009 101.50000000000001 17.150000000000002 196.00000000000003 213.00000000000003 3.9500000000000006 87.600000000000009 72.850000000000009
decision_type=2 2 2 2 2 2 2 2 2 2 2 2 2 2
left_child=1 2 -1 4 7 -5 -7 8 -2 11 -11 -3 13 -12
right_child=3 9 -4 5 -6 6 -8 -9 -10 10 12 -13 -14 -15
leaf_value=0.022955844232014237 -0.05235539095906111 0.05819262266159058 0.080625704443082216 -0.037061953870579603 -0.077229725848883393 0.046795484258068933 -0.0072570583361777526 0.015300781209953131 -0.019966838467029895 0.070014278031885632 0.032371329837902009 0.00079132495721911684 0.040016442422683429 -0.054775797575712208
leaf_weight=7.0000000000000027 12.999999999999998 4.9999999999999991 11.999999999999998 15.999999999999998 6.9999999999999991 8.9999999999999982 42 7.9999999999999991 49 7.9999999999999991 11.000000000000005 34 12.999999999999998 5.9999999999999991
leaf_count=7 13 5 12 16 7 9 42 8 49 8 11 34 13 6
internal_value=-3.7641e-11 0.0266023 0.0593789 -0.0177349 -0.0269766 -0.00711386 0.00228163 -0.0219513 -0.026758 0.0185146 0.0291515 0.00815047 0.0182548 0.00161352
internal_weight=240 96 19 144 77 67 51 70 62 77 38 39 30 17
internal_count=240 96 19 144 77 67 51 70 62 77 38 39 30 17
is_linear=0
shrinkage=0.05


Tree=80
num_leaves=15
num_cat=0
split_feature=2 3 4 3 0 0 4 4 4 0 3 3 3 1
split_gain=41.7357 10.2854 6.22864 5.69115 6.67566 3.57083 3.03107 2.99785 3.60848 2.99799 2.89657 3.79605 2.76925 6.36482
threshold=2.5000000000000004 44.350000000000009 1.8 113.55000000000001 22.100000000000005 13.950000000000001 4.4500000000000011 3.1500000000000008 5.0000000000000009 24.050000000000004 47.45000000000001 75.750000000000014 40.800000000000004 114.00000000000001
decision_type=2 2 2 2 2 2 2 2 2 2 2 2 2 2
left_child=1 12 -2 7 -5 6 -3 9 -9 -4 -8 -12 13 -1
right_child=2 5 3 4 -6 -7 10 8 -10 -11 11 -13 -14 -15
leaf_value=-0.02309227685698054 0.076948040723800668 0.02617593538016081 -0.019667993206530815 0.021015757819016781 0.095601632942756004 0.031976603468259174 0.013667375850491227 0.040408996962518859 0.0097379484378239695 0.029686509072780604 -0.024250492826104166 0.017406863000776089 -0.043531088584235739 0.030132027218739196
leaf_weight=88 6.9999999999999991 7.9999999999999991 7.9999999999999982 5.9999999999999982 6 8.9999999999999982 11.999999999999998 22 17 5 25 6.9999999999999991 13.999999999999998 5.9999999999999991
leaf_count=88 7 8 8 6 6 9 12 22 17 5 25 7 14 6
internal_value=-3.95812e-11 -0.0135146 0.0321686 0.0272709 0.0583087 0.00289822 -0.00213458 0.0201083 0.0270396 -0.000685492 -0.00728195 -0.0151379 -0.0227848 -0.019695
internal_weight=240 169 71 64 12 61 52 52 39 13 44 32 108 94
internal_count=240 169 71 64 12 61 52 52 39 13 44 32 108 94
is_linear=0
shrinkage=0.05


Tree=81
num_leaves=15
num_cat=0
split_feature=2 3 4 3 4 1 0 3 3 1 4 4 0 0
split_gain=37.6665 9.28256 5.83505 5.47597 5.90092 3.413 2.77652 2.49925 5.8614 7.3561 4.14051 4.06499 6.66237 6.80895
threshold=2.5000000000000004 44.350000000000009 2.3500000000000005 115.85000000000001 1.8 210.00000000000003 12.400000000000002 40.800000000000004 34.550000000000004 25.000000000000004 6.9500000000000011 7.5500000000000007 4.7000000000000002 5.8500000000000005
decision_type=2 2 2 2 2 2 2 2 2 2 2 2 2 2
left_child=1 7 3 4 -2 -3 -7 8 9 -1 -9 12 -11 -14
right_child=2 5 -4 -5 -6 6 -8 10 -10 11 -12 -13 13 -15
leaf_value=-0.077738913396994277 0.075714866568644804 -0.0042989353587230047 0.021895799053331409 0.099189424514770516 0.010119478078559042 0.004218623580204116 0.046205151719706405 -0.0048733246326446537 0.0078619859674397639 0.027828428745269768 -0.061621875026159817 -0.028633491463087343 -0.065870460122823715 0.0045913141686469315
leaf_weight=5.9999999999999991 6.0000000000000027 45 52 4.9999999999999991 7.9999999999999991 8.9999999999999982 6.9999999999999991 4.9999999999999991 17 10.000000000000002 8.9999999999999982 47 5.9999999999999991 7.9999999999999991
leaf_count=6 6 45 52 5 8 9 7 5 17 10 9 47 6 8
internal_value=1.86265e-11 -0.0128389 0.0305602 0.0542733 0.0382318 0.0027533 0.0225877 -0.0216456 -0.0187102 -0.0245768 -0.0413545 -0.0200843 -0.003342 -0.0256066
internal_weight=240 169 71 19 14 61 16 108 94 77 14 71 24 14
internal_count=240 169 71 19 14 61 16 108 94 77 14 71 24 14
is_linear=0
shrinkage=0.05


Tree=82
num_leaves=15
num_cat=0
split_feature=3 2 0 1 1 0 1 1 1 0 3 0 0 0
split_gain=34.632 10.3353 5.48527 7.34126 11.8013 5.23596 6.16341 4.3315 6.36277 6.15291 5.03667 5.86011 4.9452 4.57047
threshold=75.750000000000014 1.0000000180025095e-35 11.15 323.50000000000006 303.00000000000006 7.2500000000000009 91.500000000000014 36.500000000000007 22.500000000000004 3.2500000000000004 19.100000000000005 2.7500000000000004 6.0000000000000009 6.6500000000000012
decision_type=2 2 2 2 2 2 2 2 2 2 2 2 2 2
left_child=1 5 -2 4 -4 7 -7 8 -1 -10 -9 -12 -13 -14
right_child=2 -3 3 -5 -6 6 -8 10 9 -11 11 12 13 -15
leaf_value=-0.0066535067079322649 0.003743076809173958 0.0031852734551109652 0.038738821865990758 -0.013644223660230638 0.11515336732069653 -0.016178156320865333 0.045086487258474035 -0.047292418681228389 -0.026761926338076593 -0.093743251543492084 0.011587348142090967 -0.039540299560342523 0.023564539290964609 -0.034164432125786938
leaf_weight=7.0000000000000027 10.999999999999998 81 32 4.9999999999999991 5.9999999999999991 13.000000000000002 5.9999999999999991 12.999999999999998 5.9999999999999991 7.9999999999999991 17 21 7.9999999999999982 6
leaf_count=7 11 81 32 5 6 13 6 13 6 8 17 21 8 6
internal_value=2.52136e-10 -0.010234 0.0352503 0.0433103 0.0508043 -0.0205859 0.00316857 -0.025834 -0.0455758 -0.065037 -0.0194559 -0.0124968 -0.0241948 -0.00117645
internal_weight=240 186 54 43 38 105 19 86 21 14 65 52 35 14
internal_count=240 186 54 43 38 105 19 86 21 14 65 52 35 14
is_linear=0
shrinkage=0.05


Tree=83
num_leaves=15
num_cat=0
split_feature=3 2 0 1 1 0 1 0 0 3 4 0 0 1
split_gain=31.2554 9.32762 4.95045 6.62549 10.6507 4.72545 5.56247 4.24268 5.32029 4.48577 4.71251 4.02277 5.31944 3.90918
threshold=75.750000000000014 1.0000000180025095e-35 11.15 323.50000000000006 303.00000000000006 7.2500000000000009 91.500000000000014 24.350000000000005 13.950000000000001 113.55000000000001 3.1500000000000008 13.950000000000001 15.100000000000001 36.500000000000007
decision_type=2 2 2 2 2 2 2 2 2 2 2 2 2 2
left_child=1 5 -2 4 7 13 -7 8 -4 10 -10 -3 -13 -1
right_child=2 11 3 -5 -6 6 -8 -9 9 -11 -12 12 -14 -15
leaf_value=-0.043297025543593229 0.0035559232960539785 -0.0027168024156708271 0.075523928701877546 -0.012962012737989427 0.10939569969971974 -0.01536924876272678 0.042832162231206894 0.07910887926816941 -0.019370853073067122 0.055255211393038434 0.035328935086727145 0.048046628981828675 -0.0087834490197045475 -0.018483099407301497
leaf_weight=21 10.999999999999998 64 5.0000000000000027 4.9999999999999991 5.9999999999999991 13.000000000000002 5.9999999999999991 4.9999999999999991 9.0000000000000053 5.9999999999999991 6.9999999999999991 10.000000000000002 6.9999999999999991 65
leaf_count=21 11 64 5 5 6 13 6 5 9 6 7 10 7 65
internal_value=2.42532e-12 -0.00972226 0.0334878 0.0411448 0.0482641 -0.0195566 0.00301014 0.0368019 0.0289673 0.0183862 0.0045603 0.00302601 0.024646 -0.0245423
internal_weight=240 186 54 43 38 105 19 32 27 22 16 81 17 86
internal_count=240 186 54 43 38 105 19 32 27 22 16 81 17 86
is_linear=0
shrinkage=0.05


Tree=84
num_leaves=15
num_cat=0
split_feature=2 1 4 4 1 0 3 0 4 2 4 1 1 1
split_gain=28.5011 7.13488 4.69883 3.6318 4.49903 4.19657 3.60741 5.62772 2.98388 6.47272 5.01198 3.42101 2.87364 2.93967
threshold=2.5000000000000004 210.00000000000003 1.8 8.8500000000000032 25.000000000000004 3.9500000000000006 113.55000000000001 22.100000000000005 3.6500000000000008 3.5000000000000004 4.3500000000000005 276.00000000000006 181.50000000000003 206.50000000000003
decision_type=2 2 2 2 2 2 2 2 2 2 2 2 2 2
left_child=1 3 -2 4 -1 -5 8 -8 9 -4 -10 -11 -12 -14
right_child=2 -3 6 5 -6 -7 7 -9 10 11 12 -13 13 -15
leaf_value=-0.042289471067488198 0.065476772827761515 0.020601018937304618 -0.042236977070569968 -0.051084912854891563 -0.0072198938021314487 -0.015543658440203771 0.012799295286337537 0.081281177451213202 0.071574276089668279 -0.0011959161077226914 -9.081073893377412e-05 0.052954760640859605 0.063346244990825654 0.017108386077664114
leaf_weight=9.9999999999999982 6.9999999999999991 15.999999999999998 6.0000000000000027 12.999999999999998 107 23 5.9999999999999982 6 4.9999999999999991 6.9999999999999982 13.000000000000002 5 4.9999999999999991 10.999999999999998
leaf_count=10 7 16 6 13 107 23 6 6 5 7 13 5 5 11
internal_value=1.29803e-10 -0.0111681 0.0265833 -0.0144904 -0.0102173 -0.028378 0.0223293 0.0470402 0.0166268 0.000165585 0.0253416 0.0213669 0.0173704 0.0315577
internal_weight=240 169 71 153 117 36 64 12 52 18 34 12 29 16
internal_count=240 169 71 153 117 36 64 12 52 18 34 12 29 16
is_linear=0
shrinkage=0.05


Tree=85
num_leaves=15
num_cat=0
split_feature=3 2 1 1 0 0 1 0 0 1 1 0 3 0
split_gain=25.9712 7.59005 4.53683 11.7853 5.24398 4.19623 4.99277 3.43138 4.6317 3.366 5.93852 5.56355 4.59935 5.38975
threshold=75.750000000000014 1.0000000180025095e-35 323.50000000000006 303.00000000000006 24.350000000000005 7.2500000000000009 91.500000000000014 13.950000000000001 15.100000000000001 36.500000000000007 22.500000000000004 3.2500000000000004 19.100000000000005 2.7500000000000004
decision_type=2 2 2 2 2 2 2 2 2 2 2 2 2 2
left_child=1 5 3 4 -2 9 -7 -3 -9 10 -1 -12 -11 -14
right_child=2 7 -4 -5 -6 6 -8 8 -10 12 11 -13 13 -15
leaf_value=-0.0022325493927512841 0.019662047118732803 -0.0026665595585654957 -0.014843359738588333 0.10080029169718425 0.074132144153118126 -0.01388080687477038 0.041259642628331983 0.044440607577562324 -0.0085886452879224504 -0.043409908047089212 -0.022240195423364639 -0.085932856425642967 0.012938203750287786 -0.021377868668309281
leaf_weight=7.0000000000000027 38 64 4.9999999999999991 5.9999999999999991 4.9999999999999991 13.000000000000002 5.9999999999999991 10.000000000000002 6.9999999999999991 12.999999999999998 5.9999999999999991 7.9999999999999991 17 35
leaf_count=7 38 64 5 6 5 13 6 10 7 13 6 8 17 35
internal_value=-1.57355e-10 -0.00886238 0.030526 0.0351555 0.0259958 -0.0177336 0.00353197 0.00263735 0.022605 -0.0224318 -0.0398349 -0.058636 -0.0168093 -0.0101592
internal_weight=240 186 54 49 43 105 19 81 17 86 21 14 65 52
internal_count=240 186 54 49 43 105 19 81 17 86 21 14 65 52
is_linear=0
shrinkage=0.05


Tree=86
num_leaves=15
num_cat=0
split_feature=4 4 3 4 4 0 1 1 3 4 0 0 0 1
split_gain=23.5034 5.81429 3.88689 4.46994 3.53381 2.95487 4.45479 2.59308 2.4544 3.62555 6.44643 4.7958 3.69805 3.51049
threshold=5.4500000000000011 2.3500000000000005 115.85000000000001 1.8 8.6500000000000004 3.9500000000000006 67.500000000000014 25.000000000000004 31.850000000000005 7.5500000000000007 4.7000000000000002 5.8500000000000005 2.0500000000000003 118.50000000000001
decision_type=2 2 2 2 2 2 2 2 2 2 2 2 2 2
left_child=1 2 3 -1 7 6 -6 -2 9 10 12 -12 -9 -10
right_child=4 -3 -4 -5 5 -7 -8 8 13 -11 11 -13 -14 -15
leaf_value=0.063043206060926088 -0.034786930261179808 0.013051107767727469 0.081776905059814456 0.0059526214376091962 -0.071428847738674681 -0.014410032124890546 -0.019422156140208244 -0.0016505934298038474 0.016650452400031296 -0.031876880368765667 -0.057444605231285112 0.0034736786303775653 0.059160959124565121 -0.0097126284847036011
leaf_weight=6.0000000000000027 7.9999999999999991 77 4.9999999999999991 7.9999999999999991 7.0000000000000027 28 9.9999999999999982 5.0000000000000018 23 17 5.9999999999999982 7 5 28
leaf_count=6 8 77 5 8 7 28 10 5 23 17 6 7 5 28
internal_value=-7.09163e-11 0.0191635 0.043935 0.03042 -0.0127757 -0.0243934 -0.0408367 -0.00749491 -0.00509561 -0.0143677 -0.00142609 -0.0246425 0.0287552 0.0021766
internal_weight=240 96 19 14 144 45 17 99 91 40 23 13 10 51
internal_count=240 96 19 14 144 45 17 99 91 40 23 13 10 51
is_linear=0
shrinkage=0.05


Tree=87
num_leaves=15
num_cat=0
split_feature=3 0 0 4 1 1 0 3 4 0 4 4 0 1
split_gain=21.775 6.32494 4.21797 4.00543 3.99296 10.2605 4.73448 2.52401 5.83995 4.76077 2.97528 2.52365 3.58289 3.28663
threshold=75.750000000000014 13.950000000000001 15.100000000000001 4.5500000000000007 323.50000000000006 303.00000000000006 24.350000000000005 113.55000000000001 3.1500000000000008 11.15 4.6500000000000012 8.8500000000000032 3.9500000000000006 25.000000000000004
decision_type=2 2 2 2 2 2 2 2 2 2 2 2 2 2
left_child=1 3 -3 -1 5 6 7 8 -2 -10 -11 13 -13 -5
right_child=4 2 -4 11 -6 -7 -8 -9 9 10 -12 12 -14 -15
leaf_value=0.012764078471809626 -0.021996403237183892 0.041793659180402745 -0.008811768676553455 -0.037378653064370153 -0.01461177721619606 0.093545693159103396 0.069486013650894171 0.04748902221520742 0.0017517555928365748 0.072187762459119176 0.022394200662771858 -0.046086110747777499 -0.013246179718281265 -0.0074045259984227537
leaf_weight=15.999999999999998 8.9999999999999982 10.000000000000002 6.9999999999999991 9.9999999999999982 4.9999999999999991 5.9999999999999991 4.9999999999999991 5.9999999999999991 11.000000000000002 5.9999999999999982 6 12.999999999999998 23 107
leaf_count=16 9 10 7 10 5 6 5 6 11 6 6 13 23 107
internal_value=6.8491e-11 -0.00811491 0.0209561 -0.0110392 0.0279514 0.0322945 0.0237479 0.0177297 0.0121498 0.0255114 0.047291 -0.0135284 -0.025105 -0.00996642
internal_weight=240 186 17 169 54 49 43 38 32 23 12 153 36 117
internal_count=240 186 17 169 54 49 43 38 32 23 12 153 36 117
is_linear=0
shrinkage=0.05


Tree=88
num_leaves=15
num_cat=0
split_feature=3 3 1 1 0 3 4 0 4 1 3 0 0 0
split_gain=19.6519 5.71624 3.60364 9.26008 4.27287 2.27792 5.27056 4.2966 2.68519 2.15176 3.97742 3.32603 4.51239 4.00897
threshold=75.750000000000014 44.350000000000009 323.50000000000006 303.00000000000006 24.350000000000005 113.55000000000001 3.1500000000000008 11.15 4.6500000000000012 91.500000000000014 15.350000000000003 3.2500000000000004 6.0000000000000009 9.9500000000000011
decision_type=2 2 2 2 2 2 2 2 2 2 2 2 2 2
left_child=1 9 3 4 5 6 -2 -8 -9 10 -1 -11 -13 -14
right_child=2 -3 -4 -5 -6 -7 7 8 -10 11 -12 12 13 -15
leaf_value=-0.058413700014352803 -0.020896582802136743 0.0031963655942004836 -0.013881188333034518 0.088868408401807153 0.066011713892221449 0.045114571352799733 0.0016641676256602457 0.068578374137481066 0.021274490902821221 0.023955510556697847 -0.016064320716764526 -0.044156564958393554 0.017660181053603684 -0.032395844658215843
leaf_weight=5.9999999999999991 8.9999999999999982 73 4.9999999999999991 5.9999999999999991 4.9999999999999991 5.9999999999999991 11.000000000000002 5.9999999999999982 6 7.9999999999999991 73 8.0000000000000018 12.000000000000002 5.9999999999999991
leaf_count=6 9 73 5 6 5 6 11 6 6 8 73 8 12 6
internal_value=1.69481e-10 -0.00770916 0.0265538 0.0306798 0.0225605 0.0168432 0.0115423 0.0242358 0.0449264 -0.0147543 -0.0192807 -0.0042371 -0.0129117 0.000974839
internal_weight=240 186 54 49 43 38 32 23 12 113 79 34 26 18
internal_count=240 186 54 49 43 38 32 23 12 113 79 34 26 18
is_linear=0
shrinkage=0.05


Tree=89
num_leaves=15
num_cat=0
split_feature=2 1 4 4 0 1 0 0 0 1 4 2 0 4
split_gain=18.0505 5.20702 3.61261 2.44026 3.17633 3.11242 2.94044 3.31906 2.1766 5.42664 3.94353 7.93256 4.67288 4.24364
threshold=2.5000000000000004 210.00000000000003 1.8 8.8500000000000032 3.9500000000000006 25.000000000000004 5.4500000000000011 7.2500000000000009 22.100000000000005 263.00000000000006 3.6500000000000008 3.5000000000000004 19.700000000000003 4.3500000000000005
decision_type=2 2 2 2 2 2 2 2 2 2 2 2 2 2
left_child=1 3 -2 5 -5 -1 -6 -8 10 -10 11 -4 -13 -12
right_child=2 -3 8 4 6 -7 7 -9 9 -11 13 12 -14 -15
leaf_value=-0.034899111827835443 0.055258490251643325 0.018252017733175308 -0.060142156481742863 -0.042864530246991384 0.01814881432801484 -0.0057302139542787997 -0.048970949716333811 -0.0040805929014459249 -0.001094014197587967 0.061810070462524895 0.064720580875873568 0.045561867207288748 -0.019886365979909892 0.014844237229433552
leaf_weight=9.9999999999999982 6.9999999999999991 15.999999999999998 4.9999999999999991 12.999999999999998 6.0000000000000027 107 7.0000000000000027 9.9999999999999982 5.9999999999999991 7.9999999999999991 4.9999999999999991 5.9999999999999982 5 29
leaf_count=10 7 16 5 13 6 107 7 10 6 8 5 6 5 29
internal_value=-1.11177e-10 -0.00888781 0.0211555 -0.011726 -0.0231097 -0.00822328 -0.0119439 -0.0225649 0.0174255 0.0348512 0.0125463 -0.00792321 0.0158127 0.022179
internal_weight=240 169 71 153 36 117 23 17 64 14 50 16 11 34
internal_count=240 169 71 153 36 117 23 17 64 14 50 16 11 34
is_linear=0
shrinkage=0.05


Tree=90
num_leaves=15
num_cat=0
split_feature=3 0 0 1 1 0 4 3 3 0 1 1 0 0
split_gain=16.3612 5.18288 3.69407 3.30274 8.0822 3.80064 3.16013 2.00317 2.87965 1.9861 5.69865 8.24354 2.12807 3.98517
threshold=75.750000000000014 13.950000000000001 15.100000000000001 323.50000000000006 303.00000000000006 24.350000000000005 4.5500000000000007 70.90000000000002 56.300000000000004 1.2000000000000004 22.500000000000004 25.000000000000004 11.15 10.350000000000001
decision_type=2 2 2 2 2 2 2 2 2 2 2 2 2 2
left_child=1 6 -3 4 5 -2 7 8 -1 -8 -11 -12 13 -13
right_child=3 2 -4 -5 -6 -7 9 -9 -10 10 11 12 -14 -15
leaf_value=0.027558155655860908 0.015201290912534061 0.038782280310988418 -0.0085761979222297672 -0.014481222108006479 0.082540750503540039 0.06157326221466064 -0.034679215318626826 0.03770258888602257 -0.023819660830001033 0.037234048654014869 -0.075569389816373594 -0.0099909687378322305 -0.029388421000196386 0.035607498884201054
leaf_weight=4.9999999999999982 38 10.000000000000002 6.9999999999999991 4.9999999999999991 5.9999999999999991 4.9999999999999991 8.9999999999999982 4.9999999999999991 6 5.9999999999999991 4.9999999999999991 115 12.999999999999998 4.9999999999999991
leaf_count=5 38 10 7 5 6 5 9 5 6 6 5 115 13 5
internal_value=-1.86847e-10 -0.00703416 0.0192817 0.0242288 0.0281788 0.0205934 -0.00968132 0.0114616 -0.000466108 -0.0118923 -0.0104682 -0.0125422 -0.0101727 -0.00809103
internal_weight=240 186 17 54 49 43 169 16 11 153 144 138 133 120
internal_count=240 186 17 54 49 43 169 16 11 153 144 138 133 120
is_linear=0
shrinkage=0.05


Tree=91
num_leaves=15
num_cat=0
split_feature=3 0 0 1 1 0 4 1 3 1 2 1 4 0
split_gain=14.766 4.67755 3.33389 2.98072 7.29418 3.43007 2.85202 1.97997 4.14522 4.02265 2.528 2.30174 1.89717 2.84519
threshold=75.750000000000014 13.950000000000001 15.100000000000001 323.50000000000006 303.00000000000006 24.350000000000005 4.5500000000000007 210.00000000000003 113.55000000000001 263.00000000000006 2.5000000000000004 231.50000000000003 8.8500000000000032 3.9500000000000006
decision_type=2 2 2 2 2 2 2 2 2 2 2 2 2 2
left_child=1 6 -3 4 5 7 -1 10 9 11 -2 -9 -8 -14
right_child=3 2 -4 -5 -6 -7 12 8 -10 -11 -12 -13 13 -15
leaf_value=0.010888530220836402 0.0079498118255287419 0.03684316664934157 -0.0081473878451756073 -0.01375716060400009 0.07841371297836304 0.058494598865509034 -0.0082093096640693322 -0.00043046265840530342 0.04014987945556641 0.028603114485740662 0.047699000826105467 -0.046364407117168105 -0.040031845695697343 -0.01076735867916242
leaf_weight=15.999999999999998 7.9999999999999973 10.000000000000002 6.9999999999999991 4.9999999999999991 5.9999999999999991 4.9999999999999991 117 5.0000000000000053 5.9999999999999991 4.9999999999999991 8 6 12.999999999999998 23
leaf_count=16 8 10 7 5 6 5 117 5 6 5 8 6 13 23
internal_value=1.01281e-10 -0.00668245 0.0183176 0.0230173 0.0267698 0.0195637 -0.00919725 0.0144412 0.004708 -0.0085827 0.0278244 -0.0254853 -0.0112977 -0.0213351
internal_weight=240 186 17 54 49 43 169 38 22 16 16 11 153 36
internal_count=240 186 17 54 49 43 169 38 22 16 16 11 153 36
is_linear=0
shrinkage=0.05


Tree=92
num_leaves=15
num_cat=0
split_feature=3 0 0 0 1 1 3 3 1 0 2 4 0 1
split_gain=13.3263 4.22149 3.00884 2.78122 3.74429 4.91678 3.67612 4.31501 2.64187 6.26924 2.49674 1.88099 1.77738 5.09361
threshold=75.750000000000014 13.950000000000001 15.100000000000001 11.15 323.50000000000006 303.00000000000006 84.200000000000003 115.85000000000001 210.00000000000003 10.750000000000002 4.5000000000000009 4.6500000000000012 1.2000000000000004 22.500000000000004
decision_type=2 2 2 2 2 2 2 2 2 2 2 2 2 2
left_child=1 8 -3 -2 5 6 11 10 12 -10 -8 -5 -1 -14
right_child=3 2 -4 4 -6 -7 7 -9 9 -11 -12 -13 13 -15
leaf_value=-0.032181204358736677 -0.00056865296580574734 0.035001008585095396 -0.0077400179845946177 0.067459780971209221 -0.013069302812218667 0.074493027726809186 -0.025264311457673678 0.053448475003242492 0.041039995243772873 -0.026571551958719887 0.015533850938081743 0.025935820043087001 0.035825445883286497 -0.011220226430866335
leaf_weight=8.9999999999999982 10.999999999999998 10.000000000000002 6.9999999999999991 5.9999999999999982 4.9999999999999991 5.9999999999999991 6.0000000000000062 4.9999999999999991 7.9999999999999982 6 9.9999999999999982 5 5.9999999999999991 140
leaf_count=9 11 10 7 6 5 6 6 5 8 6 10 5 6 140
internal_value=7.19835e-11 -0.00634833 0.0174018 0.0218665 0.0276057 0.0329577 0.0251698 0.0129045 -0.00873739 0.0120636 0.00023454 0.0485853 -0.0106162 -0.00928684
internal_weight=240 186 17 54 43 38 32 21 169 14 16 11 155 146
internal_count=240 186 17 54 43 38 32 21 169 14 16 11 155 146
is_linear=0
shrinkage=0.05


Tree=93
num_leaves=15
num_cat=0
split_feature=2 1 4 0 1 1 4 0 4 0 1 2 0 3
split_gain=12.1602 3.79154 2.88291 1.98783 1.92225 6.0664 2.51806 2.55012 2.28556 2.07787 1.84352 6.67798 4.54453 3.61157
threshold=2.5000000000000004 210.00000000000003 1.8 12.400000000000002 25.000000000000004 22.500000000000004 8.8500000000000032 3.9500000000000006 9.0500000000000025 3.2500000000000004 124.50000000000001 1.0000000180025095e-35 7.2500000000000009 19.100000000000005
decision_type=2 2 2 2 2 2 2 2 2 2 2 2 2 2
left_child=1 4 -2 -3 5 -1 10 9 -9 -8 11 12 13 -6
right_child=2 3 -4 -5 6 -7 7 8 -10 -11 -12 -13 -14 -15
leaf_value=0.0011277308221906426 0.047828692517110277 0.00032137417131000099 0.014031896193046123 0.035847586020827292 -0.036550742929632014 -0.06538104570160308 -0.021504697576165202 -0.03409483556946117 0.0032126197734704386 -0.062593294084072104 -0.013874545156517449 0.038178929835557943 0.029407244408503175 -0.0045192904093048795
leaf_weight=7.9999999999999982 6.9999999999999991 8.9999999999999982 64 6.9999999999999991 10.999999999999998 6 7.9999999999999982 6.0000000000000027 12.999999999999998 5 34 9.9999999999999982 7.9999999999999991 44
leaf_count=8 7 9 64 7 11 6 8 6 13 5 34 10 8 44
internal_value=2.79397e-11 -0.00729492 0.017364 0.0158641 -0.00971678 -0.027376 -0.00793815 -0.020244 -0.00856868 -0.037308 -0.00425789 0.0002211 -0.00580395 -0.0109256
internal_weight=240 169 71 16 153 14 139 32 19 13 107 73 63 55
internal_count=240 169 71 16 153 14 139 32 19 13 107 73 63 55
is_linear=0
shrinkage=0.05


Tree=94
num_leaves=15
num_cat=0
split_feature=3 3 1 1 0 1 3 1 0 1 1 0 0 0
split_gain=11.2061 3.52631 2.42491 5.87512 2.98118 1.97676 3.51797 3.51356 2.13609 2.10909 1.90886 3.40035 3.45618 3.95987
threshold=75.750000000000014 44.350000000000009 323.50000000000006 303.00000000000006 24.350000000000005 210.00000000000003 113.55000000000001 263.00000000000006 11.15 231.50000000000003 91.500000000000014 3.2500000000000004 6.0000000000000009 9.9500000000000011
decision_type=2 2 2 2 2 2 2 2 2 2 2 2 2 2
left_child=1 10 3 4 5 8 7 9 -2 -7 -1 -12 -13 -14
right_child=2 -3 -4 -5 -6 6 -8 -9 -10 -11 11 12 13 -15
leaf_value=-0.015618187351788902 0.0072965715546160943 0.0027440116319754353 -0.013117432668805124 0.06978514095147452 0.053263189867138863 -0.0015892231464385968 0.035118637233972551 0.024977471344172955 0.043835000693798067 -0.045558861022194225 0.027056797873228788 -0.037564792949706299 0.018515959770108257 -0.031232624004284545
leaf_weight=79 7.9999999999999991 73 4.9999999999999991 5.9999999999999991 4.9999999999999991 5.0000000000000053 5.9999999999999991 4.9999999999999991 7.9999999999999991 6 7.9999999999999991 8.0000000000000018 12.000000000000002 5.9999999999999991
leaf_count=79 8 73 5 6 5 5 6 5 8 6 8 8 12 6
internal_value=-1.29609e-10 -0.00582146 0.0200517 0.0234363 0.016969 0.0121935 0.00246818 -0.00977575 0.0255658 -0.0255727 -0.0113549 -0.00144906 -0.0102201 0.0019331
internal_weight=240 186 54 49 43 38 22 16 16 11 113 34 26 18
internal_count=240 186 54 49 43 38 22 16 16 11 113 34 26 18
is_linear=0
shrinkage=0.05


Tree=95
num_leaves=15
num_cat=0
split_feature=4 4 1 1 3 4 4 1 4 4 4 1 4 4
split_gain=10.2421 3.14849 2.75219 2.13273 2.81103 4.72859 4.33457 3.87462 2.33011 3.48944 1.86614 2.48105 2.25149 1.67663
threshold=5.4500000000000011 2.3500000000000005 254.50000000000003 314.00000000000006 87.600000000000009 3.6500000000000008 3.9500000000000006 196.00000000000003 5.0000000000000009 4.4500000000000011 8.6500000000000004 101.50000000000001 9.4500000000000011 8.4500000000000011
decision_type=2 2 2 2 2 2 2 2 2 2 2 2 2 2
left_child=1 2 -1 4 5 -3 -7 -8 9 -9 13 -12 -13 -2
right_child=10 3 -4 -5 -6 6 7 8 -10 -11 11 12 -14 -15
leaf_value=0.0059633057564496966 -0.006248842125698444 -0.035403244445721314 0.04541321562913557 -0.023424752354621887 0.038288855180144313 0.051463355123996739 -0.0033501105561085489 0.011893256604671472 0.0052255603019148115 0.070964710786938653 -0.023955838827444523 0.020897241043193002 -0.023032799190841613 0.021021384249130887
leaf_weight=7.0000000000000027 93 5.9999999999999991 11.999999999999998 4.9999999999999991 7.9999999999999991 5.9999999999999991 34 5.0000000000000018 7.9999999999999991 5 33 6.9999999999999982 5 5.9999999999999991
leaf_count=7 93 6 12 5 8 6 34 5 8 5 33 7 5 6
internal_value=1.24564e-10 0.0126504 0.030879 0.00815245 0.0103453 0.00685236 0.0112236 0.00658059 0.0253386 0.041429 -0.00843361 -0.0168761 0.00259306 -0.0045961
internal_weight=240 96 19 77 72 64 58 52 18 10 144 45 12 99
internal_count=240 96 19 77 72 64 58 52 18 10 144 45 12 99
is_linear=0
shrinkage=0.05


Tree=96
num_leaves=15
num_cat=0
split_feature=3 0 0 1 1 0 4 1 3 1 0 1 1 0
split_gain=9.41474 3.22935 2.6546 2.12446 5.21911 2.57603 2.00989 1.95377 3.64879 4.58202 2.23808 3.48759 1.62279 3.39959
threshold=75.750000000000014 13.950000000000001 14.700000000000001 323.50000000000006 303.00000000000006 24.350000000000005 4.1500000000000012 224.00000000000003 113.55000000000001 263.00000000000006 11.15 181.50000000000003 210.00000000000003 10.750000000000002
decision_type=2 2 2 2 2 2 2 2 2 2 2 2 2 2
left_child=1 6 -3 4 5 7 -1 10 9 -9 -2 -12 -8 -14
right_child=3 2 -4 -5 -6 -7 12 8 -10 -11 11 -13 13 -15
leaf_value=0.020995020618041357 0.0042611822485923755 0.036393238557502615 -0.0031914686163266506 -0.012667082920670508 0.065231892466545108 0.049189611943438655 -0.0098780172391211007 -0.038678181357681737 0.031927653650442762 0.022337345518171788 0.0091019496321678179 0.068157790601253501 0.03171762930495399 -0.022263234369456764
leaf_weight=5.9999999999999991 9.0000000000000018 8.0000000000000018 8.9999999999999982 4.9999999999999991 5.9999999999999991 4.9999999999999991 151 8.0000000000000018 5.9999999999999991 4.9999999999999991 4.9999999999999982 5 6.9999999999999982 5
leaf_count=6 9 8 9 5 6 5 151 8 6 5 5 5 7 5
internal_value=-6.35373e-11 -0.00533592 0.0154366 0.0183793 0.0215473 0.0154517 -0.00742546 0.0110125 -0.000324884 -0.0152107 0.02235 0.0386299 -0.00847162 0.0092256
internal_weight=240 186 17 54 49 43 169 38 19 13 19 10 163 12
internal_count=240 186 17 54 49 43 169 38 19 13 19 10 163 12
is_linear=0
shrinkage=0.05


Tree=97
num_leaves=15
num_cat=0
split_feature=2 1 4 0 4 3 1 1 1 0 1 1 0 3
split_gain=8.54422 2.67462 2.14954 1.88515 2.98378 1.59618 4.58672 3.89476 2.1032 5.23116 4.45714 7.07433 3.6862 3.66088
threshold=2.5000000000000004 210.00000000000003 1.8 13.250000000000002 5.1500000000000012 17.150000000000002 98.500000000000014 60.500000000000007 60.500000000000007 3.5500000000000003 22.500000000000004 25.000000000000004 3.2500000000000004 26.850000000000005
decision_type=2 2 2 2 2 2 2 2 2 2 2 2 2 2
left_child=1 5 -2 4 -3 6 7 -1 9 13 -11 -12 -10 -7
right_child=2 3 -4 -5 -6 8 -8 -9 12 10 11 -13 -14 -15
leaf_value=-0.0082275070250034301 0.040861072098570213 0.03029165918938816 0.011677872214931995 0.038792438507080085 -0.02200683106978734 -0.0070091237624486285 0.018562809675931932 -0.063125637173652646 0.021232674047350884 0.035707138214881223 -0.065925080329179764 -0.0013588413621099401 -0.0062654099018814476 -0.056411396451294428
leaf_weight=6.0000000000000018 6.9999999999999991 4.9999999999999982 64 4.9999999999999991 6 5.9999999999999991 4.9999999999999991 7 14.999999999999998 5.9999999999999991 4.9999999999999991 28 65 9.9999999999999982
leaf_count=6 7 5 64 5 6 6 5 7 15 6 5 28 65 10
internal_value=1.67832e-11 -0.00611486 0.0145551 0.0133362 0.00176521 -0.00814896 -0.022135 -0.037788 -0.00628415 -0.0138109 -0.00393411 -0.0111416 -0.00110952 -0.0378855
internal_weight=240 169 71 16 11 153 18 13 135 55 39 33 80 16
internal_count=240 169 71 16 11 153 18 13 135 55 39 33 80 16
is_linear=0
shrinkage=0.05


Tree=98
num_leaves=15
num_cat=0
split_feature=3 0 0 1 1 3 3 0 0 4 1 0 0 0
split_gain=7.9438 2.65124 2.37989 1.97322 3.58137 2.73396 3.58839 3.42677 2.04074 1.72926 2.49307 2.43829 2.30798 2.43056
threshold=75.750000000000014 13.950000000000001 14.700000000000001 314.00000000000006 276.00000000000006 113.55000000000001 83.250000000000014 9.9500000000000011 12.400000000000002 8.8500000000000032 25.000000000000004 11.15 3.9500000000000006 5.4500000000000011
decision_type=2 2 2 2 2 2 2 2 2 2 2 2 2 2
left_child=1 9 -3 4 5 6 7 -2 -9 10 -1 -12 -11 -14
right_child=3 2 -4 -5 -6 -7 -8 8 -10 12 11 -13 13 -15
leaf_value=-0.02817174788564444 -0.0069419600690404544 0.033762897003907694 -0.0037176912857426539 -0.0060364288277924066 0.053799018050943108 0.049479263722896578 -0.0084003207103038827 0.063798087835311892 0.023078255355358124 -0.033355573607751952 0.0005108457778919941 -0.020416460477281365 0.0203612506641851 -0.016654504167244715
leaf_weight=9.9999999999999982 6.0000000000000027 8.0000000000000018 8.9999999999999982 7.9999999999999991 6.9999999999999991 4.9999999999999991 14.999999999999998 4.9999999999999991 7.9999999999999991 12.999999999999998 107 15.999999999999998 6.0000000000000027 17
leaf_count=10 6 8 9 8 7 5 15 5 8 13 107 16 6 17
internal_value=3.22567e-11 -0.00490139 0.0139202 0.0168826 0.0208685 0.0149579 0.00988117 0.0243139 0.0387397 -0.00679469 -0.00416331 -0.00221141 -0.0165162 -0.00699822
internal_weight=240 186 17 54 46 39 34 19 13 169 133 123 36 23
internal_count=240 186 17 54 46 39 34 19 13 169 133 123 36 23
is_linear=0
shrinkage=0.05


Tree=99
num_leaves=15
num_cat=0
split_feature=3 4 1 1 3 1 4 1 4 4 4 0 1 1
split_gain=7.22801 3.02898 2.42427 1.69218 2.33985 4.69635 2.69704 3.36326 3.90169 2.89226 3.54093 2.80942 4.00402 2.62487
threshold=44.350000000000009 2.3500000000000005 303.00000000000006 314.00000000000006 87.600000000000009 231.50000000000003 4.3500000000000005 181.50000000000003 5.8500000000000005 5.0000000000000009 4.5500000000000007 13.250000000000002 206.50000000000003 36.500000000000007
decision_type=2 2 2 2 2 2 2 2 2 2 2 2 2 2
left_child=-1 2 -2 4 5 6 -3 8 -8 10 -9 12 -11 -10
right_child=1 3 -4 -5 -6 -7 7 9 13 11 -12 -13 -14 -15
leaf_value=-0.0091989122755594746 0.015921317038425638 0.028069832806403822 0.056480409801006319 -0.023460211157798769 0.032294422201812271 -0.038678023839990305 -0.016241117142911616 0.0056149414554238289 -0.015522468127310278 0.028377987295389158 0.06258734893053769 0.033396524004638196 -0.027427388230959578 0.028169628910043022
leaf_weight=113 14.000000000000002 12.999999999999998 4.9999999999999991 4.9999999999999991 7.9999999999999991 5.9999999999999991 29 5.0000000000000018 4.9999999999999991 5.0000000000000027 6 5.9999999999999991 8.9999999999999982 10.999999999999998
leaf_count=113 14 13 5 5 8 6 29 5 5 5 6 6 9 11
internal_value=-1.1171e-10 0.00818486 0.0265948 0.00494608 0.00632503 0.00413813 0.00702461 0.00342477 -0.00530531 0.0160975 0.0366908 0.00477113 -0.0074969 0.0145158
internal_weight=240 127 19 108 103 95 89 76 45 31 11 20 14 16
internal_count=240 127 19 108 103 95 89 76 45 31 11 20 14 16
is_linear=0
shrinkage=0.05


end of trees

feature_importances:
condition_score=339
last_maintenance_days_ago=279
asset_age_years=271
gross_million_tonnes=267
past_breakdown_count=166
urgency_level=78

parameters:
[boosting: gbdt]
[objective: regression]
[metric: l2]
[tree_learner: serial]
[device_type: cpu]
[data_sample_strategy: bagging]
[data: ]
[valid: ]
[num_iterations: 100]
[learning_rate: 0.05]
[num_leaves: 15]
[num_threads: 10]
[seed: 42]
[deterministic: 0]
[force_col_wise: 0]
[force_row_wise: 0]
[histogram_pool_size: -1]
[max_depth: -1]
[min_data_in_leaf: 5]
[min_sum_hessian_in_leaf: 0.001]
[bagging_fraction: 1]
[pos_bagging_fraction: 1]
[neg_bagging_fraction: 1]
[bagging_freq: 0]
[bagging_seed: 400]
[bagging_by_query: 0]
[feature_fraction: 1]
[feature_fraction_bynode: 1]
[feature_fraction_seed: 30056]
[extra_trees: 0]
[extra_seed: 12879]
[early_stopping_round: 0]
[early_stopping_min_delta: 0]
[first_metric_only: 0]
[max_delta_step: 0]
[lambda_l1: 0]
[lambda_l2: 0]
[linear_lambda: 0]
[min_gain_to_split: 0]
[drop_rate: 0.1]
[max_drop: 50]
[skip_drop: 0.5]
[xgboost_dart_mode: 0]
[uniform_drop: 0]
[drop_seed: 17869]
[top_rate: 0.2]
[other_rate: 0.1]
[min_data_per_group: 100]
[max_cat_threshold: 32]
[cat_l2: 10]
[cat_smooth: 10]
[max_cat_to_onehot: 4]
[top_k: 20]
[monotone_constraints: ]
[monotone_constraints_method: basic]
[monotone_penalty: 0]
[feature_contri: ]
[forcedsplits_filename: ]
[refit_decay_rate: 0.9]
[cegb_tradeoff: 1]
[cegb_penalty_split: 0]
[cegb_penalty_feature_lazy: ]
[cegb_penalty_feature_coupled: ]
[path_smooth: 0]
[interaction_constraints: ]
[verbosity: -1]
[saved_feature_importance_type: 0]
[use_quantized_grad: 0]
[num_grad_quant_bins: 4]
[quant_train_renew_leaf: 0]
[stochastic_rounding: 1]
[linear_tree: 0]
[max_bin: 255]
[max_bin_by_feature: ]
[min_data_in_bin: 3]
[bin_construct_sample_cnt: 200000]
[data_random_seed: 175]
[is_enable_sparse: 1]
[enable_bundle: 1]
[use_missing: 1]
[zero_as_missing: 0]
[feature_pre_filter: 1]
[pre_partition: 0]
[two_round: 0]
[header: 0]
[label_column: ]
[weight_column: ]
[group_column: ]
[ignore_column: ]
[categorical_feature: ]
[forcedbins_filename: ]
[precise_float_parser: 0]
[parser_config_file: ]
[objective_seed: 16083]
[num_class: 1]
[is_unbalance: 0]
[scale_pos_weight: 1]
[sigmoid: 1]
[boost_from_average: 1]
[reg_sqrt: 0]
[alpha: 0.9]
[fair_c: 1]
[poisson_max_delta_step: 0.7]
[tweedie_variance_power: 1.5]
[lambdarank_truncation_level: 30]
[lambdarank_norm: 1]
[label_gain: ]
[lambdarank_position_bias_regularization: 0]
[eval_at: ]
[multi_error_top_k: 1]
[auc_mu_weights: ]
[num_machines: 1]
[local_listen_port: 12400]
[time_out: 120]
[machine_list_filename: ]
[machines: ]
[gpu_platform_id: -1]
[gpu_device_id: -1]
[gpu_device_id_list: ]
[gpu_use_dp: 0]
[num_gpu: 1]

end of parameters

pandas_categorical:[]
